ad_id,clicks,position,time_of_day,category,quality_rating,platform,age
77330436,36782,Middle,85739,Beauty,4,Facebook,26
41161681,39423,Middle,85955,Clothing,5,Facebook,34
13255344,27121,Bottom left,85114,Beauty,3,Facebook,33
42024848,61800,Top right,85802,Accessories,8,Facebook,30
99391655,50433,Top left,75979,Clothing,6,Facebook,25
75719775,39799,Bottom left,81935,Tech,5,Facebook,27
71436182,44934,Top left,84023,Tech,5,Instagram,20
50889042,28509,Bottom right,85754,Tech,3,Facebook,25
79861046,33110,Top left,75042,Clothing,4,Facebook,30
22808763,36995,Top left,84246,Tech,4,Tiktok,36
30566631,26665,Bottom right,77359,Clothing,3,Tiktok,22
33271714,28674,Bottom left,80739,Travel,3,Instagram,35
32681603,34428,Middle,77009,Tech,4,Facebook,22
49549364,37238,Middle,83496,Tech,4,Facebook,22
35580598,22821,Top left,72391,Accessories,2,Instagram,18
15934161,30245,Top right,77832,Accessories,3,Tiktok,21
95666761,47684,Top left,77203,Tech,6,Tiktok,23
68943641,22193,Top left,81269,Beauty,2,Tiktok,30
84090052,32129,Top left,74708,Tech,4,Facebook,30
24163842,25113,Bottom right,81524,Travel,3,Facebook,28
50704048,44375,Middle,76389,Accessories,5,Facebook,25
50018388,19740,Bottom right,72161,Accessories,2,Instagram,24
65203780,36693,Middle,86235,Accessories,4,Instagram,26
99671088,19991,Bottom left,83303,Beauty,2,Facebook,23
66036365,65333,Top right,86184,Accessories,8,Facebook,20
63824084,45036,Bottom left,85663,Clothing,5,Instagram,26
57636483,28764,Top left,78884,Tech,3,Instagram,18
77991214,25981,Top left,76296,Accessories,3,Tiktok,26
46433547,57696,Top left,84877,Clothing,7,Tiktok,29
54748132,45515,Top right,72286,Tech,5,Tiktok,33
81591564,24049,Middle,74983,Accessories,2,Tiktok,23
68954262,24052,Bottom right,79895,Accessories,2,Instagram,30
52098540,35473,Top right,74816,Accessories,4,Facebook,29
81199119,34753,Bottom right,77446,Tech,4,Tiktok,32
48640528,29867,Top right,80554,Travel,3,Facebook,23
44243704,40237,Top right,84779,Clothing,5,Tiktok,25
12188729,38653,Top right,83970,Travel,4,Facebook,25
78190583,50139,Top left,83350,Tech,6,Facebook,27
57203299,40644,Top left,80755,Tech,5,Instagram,24
44146486,45384,Top right,83173,Tech,5,Tiktok,32
62513699,41566,Top left,74348,Tech,5,Tiktok,26
43342088,57355,Top right,84036,Clothing,7,Facebook,27
11718172,39880,Top right,76423,Accessories,5,Tiktok,29
85212314,28178,Middle,74411,Beauty,3,Instagram,28
11739901,33578,Middle,77621,Tech,4,Tiktok,18
28209884,37346,Top right,73356,Tech,4,Instagram,25
84409130,54293,Top right,84524,Tech,7,Instagram,22
54295214,31898,Bottom right,76908,Clothing,4,Instagram,28
79156339,28872,Middle,74271,Beauty,3,Facebook,27
71922951,26226,Middle,85151,Travel,3,Instagram,26
53010624,36824,Top left,73451,Clothing,4,Facebook,28
49640820,25761,Top left,83542,Travel,3,Tiktok,27
13226041,31192,Middle,83419,Accessories,3,Instagram,28
47177335,50775,Top right,84536,Tech,6,Tiktok,33
86677734,19955,Middle,75756,Accessories,2,Facebook,18
48023965,30914,Bottom left,86081,Accessories,3,Facebook,32
93766122,24317,Bottom left,78423,Clothing,3,Instagram,27
35360638,26536,Bottom left,79759,Clothing,3,Facebook,25
98645002,30739,Top left,75447,Accessories,3,Tiktok,27
92511600,27320,Middle,84541,Accessories,3,Instagram,24
24665842,34109,Middle,77378,Clothing,4,Tiktok,29
35057475,43616,Top left,85579,Tech,5,Tiktok,28
61288690,31512,Middle,73290,Clothing,3,Tiktok,27
38116201,46676,Middle,80918,Tech,6,Tiktok,24
73963160,16832,Middle,76570,Travel,2,Instagram,25
78229881,24869,Top right,81397,Travel,3,Facebook,19
62075920,39539,Top left,86061,Beauty,5,Tiktok,32
60965123,32326,Top left,75225,Clothing,4,Instagram,32
90895312,26381,Bottom left,85918,Travel,3,Tiktok,29
64256134,19784,Top right,72972,Beauty,2,Facebook,28
59300261,33510,Bottom right,85722,Tech,4,Tiktok,27
25562079,38094,Top right,81964,Tech,4,Facebook,25
41299857,33923,Top left,72146,Clothing,4,Instagram,29
94368700,34986,Top right,82664,Travel,4,Facebook,25
68509044,33654,Top right,75159,Tech,4,Facebook,29
38175508,50428,Top right,82625,Clothing,6,Tiktok,32
40989994,31506,Bottom left,76902,Tech,3,Facebook,31
67962228,44525,Top right,85801,Clothing,5,Facebook,27
36624603,40113,Top right,80627,Clothing,5,Facebook,25
56942022,24272,Bottom right,82480,Clothing,3,Instagram,24
76949035,27998,Bottom right,74836,Clothing,3,Facebook,30
72935870,33734,Top left,81578,Beauty,4,Facebook,22
30464516,37827,Top right,81199,Clothing,4,Facebook,21
31779905,50982,Middle,85173,Clothing,6,Instagram,28
38744950,30166,Top right,73533,Travel,3,Instagram,18
65214060,55568,Top left,78545,Clothing,7,Facebook,18
79244439,26799,Bottom left,80096,Beauty,3,Tiktok,37
39169235,25684,Top right,80306,Beauty,3,Tiktok,22
64096873,45506,Bottom left,84329,Clothing,5,Instagram,29
96759942,41577,Top left,75742,Clothing,5,Facebook,27
86143561,33742,Middle,77767,Clothing,4,Tiktok,36
74983573,30516,Bottom left,74488,Tech,3,Instagram,31
32064825,38763,Top left,80586,Clothing,4,Facebook,20
40246218,33595,Top right,84551,Beauty,4,Facebook,21
84957033,35799,Middle,78874,Tech,4,Facebook,32
34557574,27827,Bottom left,73290,Tech,3,Tiktok,29
94209757,20799,Top right,74676,Beauty,2,Facebook,28
73754462,51747,Top right,75475,Tech,6,Instagram,31
91957834,16275,Middle,77170,Beauty,1,Tiktok,20
79184246,32823,Top right,84860,Accessories,4,Instagram,22
16621075,45841,Top right,76969,Accessories,5,Facebook,29
28663408,24748,Top left,72621,Travel,3,Tiktok,46
95426565,29056,Bottom left,76606,Accessories,3,Instagram,21
56410199,40402,Middle,82814,Tech,5,Facebook,28
90258528,26260,Top left,74715,Beauty,3,Tiktok,18
45584535,58575,Top right,79264,Clothing,7,Tiktok,25
10706825,44349,Top right,80610,Clothing,5,Tiktok,23
88141118,30944,Bottom right,84254,Clothing,3,Facebook,22
77364158,38221,Bottom left,84668,Accessories,4,Tiktok,25
19455192,22376,Bottom right,76275,Beauty,2,Tiktok,27
21133051,57254,Middle,85139,Clothing,7,Tiktok,25
82918745,24066,Bottom right,83011,Beauty,2,Tiktok,35
40895433,27672,Top left,76886,Travel,3,Tiktok,22
31940015,67352,Top right,84560,Tech,8,Instagram,25
14200004,20762,Top right,72000,Accessories,2,Tiktok,24
62233391,26700,Top right,74143,Travel,3,Facebook,27
60317431,38074,Middle,78458,Clothing,4,Tiktok,29
92761887,26712,Top left,73335,Tech,3,Tiktok,30
59518854,35942,Top right,73672,Tech,4,Instagram,30
23930531,22899,Bottom right,78305,Beauty,2,Instagram,34
52421860,35431,Top left,82677,Accessories,4,Facebook,32
45987794,34737,Middle,74144,Tech,4,Facebook,30
61071269,44900,Top right,84590,Tech,5,Facebook,25
68731322,32289,Top left,81367,Travel,4,Instagram,32
25653582,38214,Middle,85062,Tech,4,Instagram,29
38399253,32405,Top right,86098,Travel,4,Instagram,30
68512631,27320,Top right,76015,Travel,3,Instagram,23
35195067,64750,Top right,80744,Tech,8,Instagram,22
87723719,45469,Top right,82793,Accessories,5,Instagram,33
38948662,38257,Top right,83430,Accessories,4,Instagram,34
89134768,50820,Top right,84987,Clothing,6,Instagram,27
65800494,29078,Middle,72205,Tech,3,Facebook,25
89377863,28222,Top right,77100,Travel,3,Instagram,23
31275268,35138,Top right,78846,Clothing,4,Facebook,29
84712324,38361,Top left,78778,Clothing,4,Instagram,26
59256744,34977,Top right,76839,Accessories,4,Instagram,29
44362858,30391,Middle,85913,Accessories,3,Facebook,21
77241889,29201,Top left,72813,Tech,3,Facebook,25
54012755,23449,Bottom left,83293,Travel,2,Facebook,24
74317857,25408,Bottom right,75965,Accessories,3,Instagram,20
50028984,29754,Bottom right,77514,Accessories,3,Tiktok,27
29943306,22058,Middle,74025,Beauty,2,Instagram,25
52740568,38694,Top right,81104,Clothing,4,Tiktok,32
31503578,20396,Middle,75709,Travel,2,Tiktok,33
60185284,49098,Top left,75920,Tech,6,Instagram,18
40907530,45893,Top left,80308,Clothing,5,Instagram,32
72988038,30089,Bottom left,76223,Tech,3,Facebook,29
75106392,52041,Top left,86209,Tech,6,Tiktok,30
51181595,39635,Top left,86162,Travel,5,Instagram,32
33637122,36201,Middle,81934,Tech,4,Instagram,30
58059266,24595,Bottom left,74262,Tech,3,Tiktok,26
94596623,29825,Middle,79711,Beauty,3,Instagram,30
30584423,33237,Top left,72772,Clothing,4,Tiktok,31
61524575,28648,Top left,78284,Travel,3,Tiktok,25
93685241,24148,Middle,72990,Tech,3,Facebook,28
21529401,23968,Top left,77705,Beauty,2,Instagram,36
35511995,39297,Bottom left,84243,Clothing,5,Facebook,28
36229845,39060,Top left,72564,Tech,4,Facebook,27
52173210,36084,Bottom left,82588,Tech,4,Tiktok,24
72640930,25552,Middle,81772,Beauty,3,Tiktok,21
61990568,33794,Top right,85833,Travel,4,Tiktok,18
47220776,33705,Bottom left,75987,Accessories,4,Facebook,18
20192559,42613,Top left,77901,Clothing,5,Facebook,29
96455439,32933,Top right,77217,Tech,4,Tiktok,30
53653318,27956,Top right,74414,Travel,3,Tiktok,29
64688692,25477,Middle,80881,Beauty,3,Tiktok,38
27522744,31806,Middle,84409,Travel,4,Tiktok,18
93083945,52994,Top left,85387,Clothing,6,Instagram,35
43311542,41259,Bottom right,82242,Tech,5,Facebook,35
78755316,26879,Top left,79374,Beauty,3,Facebook,34
67707825,50929,Top right,82671,Tech,6,Facebook,31
37894670,28214,Middle,84543,Beauty,3,Instagram,18
54833167,36886,Top left,74475,Tech,4,Instagram,21
12556677,32246,Top right,82652,Beauty,4,Facebook,24
36046637,24452,Bottom right,86286,Travel,3,Tiktok,31
18332901,33929,Top right,77494,Accessories,4,Tiktok,31
70467382,42618,Bottom left,86172,Clothing,5,Instagram,34
96627676,40716,Top right,75116,Clothing,5,Instagram,27
37023467,34301,Top right,75927,Clothing,4,Instagram,29
77558271,13232,Bottom left,76009,Beauty,1,Instagram,18
97717538,26819,Middle,80692,Accessories,3,Facebook,29
99539328,53566,Middle,83998,Tech,6,Facebook,25
97535278,29454,Bottom left,86342,Beauty,3,Facebook,30
55731848,76235,Top right,83607,Clothing,9,Tiktok,29
60567353,22978,Bottom left,77348,Beauty,2,Facebook,32
32256436,36364,Top left,74309,Accessories,4,Facebook,25
37062628,33928,Top left,84819,Travel,4,Facebook,28
50145214,38883,Top left,81742,Clothing,4,Instagram,20
56190079,32090,Top left,74050,Clothing,4,Tiktok,28
18365137,34579,Bottom left,76786,Clothing,4,Tiktok,27
73044628,45994,Top left,80884,Tech,5,Tiktok,28
12929636,16797,Bottom right,78582,Travel,2,Tiktok,31
89217385,28160,Top right,76888,Accessories,3,Tiktok,25
97762286,21649,Bottom right,78982,Beauty,2,Facebook,27
18457149,41505,Middle,83005,Tech,5,Instagram,21
85992579,33534,Bottom left,84005,Clothing,4,Instagram,23
36514709,25503,Middle,79599,Beauty,3,Tiktok,19
81466769,38324,Top right,74017,Tech,4,Instagram,22
80753120,52771,Top right,84003,Accessories,6,Facebook,24
90366763,31942,Bottom right,78630,Tech,4,Facebook,35
68219119,22352,Bottom left,84947,Travel,2,Tiktok,22
17316017,25668,Bottom right,84571,Clothing,3,Instagram,27
77534283,29442,Top right,74165,Travel,3,Tiktok,18
58704864,41983,Top right,77115,Tech,5,Facebook,25
93699118,20496,Bottom right,76417,Accessories,2,Facebook,25
84731687,48303,Top right,85729,Accessories,6,Instagram,23
91115454,35092,Top right,80147,Clothing,4,Instagram,24
22116511,37271,Top right,86145,Beauty,4,Tiktok,37
48972329,21660,Top left,77251,Beauty,2,Facebook,26
60996633,31728,Middle,84741,Clothing,4,Facebook,24
10846817,49000,Top left,85125,Clothing,6,Instagram,18
25022162,48378,Top right,85410,Tech,6,Facebook,26
88896906,45123,Top right,77207,Clothing,5,Tiktok,24
65466453,24071,Top right,76431,Beauty,2,Tiktok,30
86270518,33833,Middle,73047,Tech,4,Facebook,27
47396931,22865,Bottom right,80961,Accessories,2,Facebook,31
97502700,23906,Middle,73021,Tech,2,Tiktok,23
23310578,38469,Middle,80087,Clothing,4,Tiktok,19
75268173,53542,Top right,76666,Clothing,6,Tiktok,24
72034201,14600,Bottom left,72808,Travel,1,Facebook,27
78547752,52106,Top left,85601,Clothing,6,Instagram,25
31926884,43017,Top right,84147,Tech,5,Tiktok,30
85006492,44203,Top right,83066,Accessories,5,Tiktok,28
40623556,41542,Top right,83975,Accessories,5,Tiktok,24
82175519,38850,Bottom left,77943,Clothing,4,Facebook,32
36224592,17687,Top right,75454,Travel,2,Facebook,24
40917801,30725,Top right,74460,Tech,3,Instagram,24
34750323,35394,Middle,82068,Tech,4,Tiktok,31
93903957,43564,Middle,83298,Tech,5,Facebook,30
22305420,14173,Bottom right,73808,Beauty,1,Instagram,28
66438794,49280,Bottom left,85780,Tech,6,Instagram,24
97083032,36761,Middle,80635,Tech,4,Facebook,25
97308759,30158,Top right,82703,Beauty,3,Tiktok,28
51009099,35525,Top right,74932,Clothing,4,Facebook,24
97807786,33532,Top left,82394,Beauty,4,Facebook,31
52109379,22139,Top left,72104,Beauty,2,Facebook,38
49376497,35328,Top left,80575,Beauty,4,Tiktok,34
45512041,45798,Top right,83634,Travel,5,Instagram,27
24344749,30270,Middle,72712,Tech,3,Tiktok,25
91705666,27532,Top left,77330,Travel,3,Tiktok,26
52436147,18819,Bottom left,74122,Travel,2,Facebook,31
74894573,19852,Bottom right,81964,Travel,2,Instagram,34
86526235,27078,Top left,81744,Beauty,3,Tiktok,26
53774773,30767,Middle,77584,Tech,3,Facebook,36
62001987,23136,Top left,77676,Beauty,2,Instagram,23
69692122,47238,Top left,78219,Clothing,6,Instagram,27
73532599,52280,Top right,85786,Tech,6,Tiktok,31
87589170,23943,Middle,76126,Beauty,2,Facebook,22
20289843,28096,Top left,82927,Travel,3,Tiktok,30
51242533,37785,Top left,83624,Beauty,4,Tiktok,31
80839966,38053,Top right,78627,Clothing,4,Tiktok,18
64411335,41077,Middle,81596,Clothing,5,Facebook,29
61231404,26817,Middle,82276,Travel,3,Facebook,35
12068583,31481,Bottom left,80187,Clothing,3,Facebook,20
97803081,27044,Bottom left,76386,Clothing,3,Facebook,29
13071417,18326,Bottom right,79673,Travel,2,Facebook,18
42654620,25079,Bottom left,74612,Accessories,3,Facebook,27
71534518,30101,Bottom right,80285,Accessories,3,Instagram,33
99259854,58791,Top right,84157,Clothing,7,Tiktok,34
64279618,15712,Bottom right,74075,Travel,1,Instagram,18
43610207,50416,Top right,77963,Clothing,6,Tiktok,27
40858841,31665,Top left,76089,Accessories,4,Facebook,23
86292877,28514,Bottom left,75860,Clothing,3,Facebook,25
79621551,32787,Top right,76846,Clothing,4,Tiktok,31
17736041,43540,Top left,74938,Clothing,5,Tiktok,26
85733988,20555,Middle,79010,Travel,2,Facebook,22
38404443,18921,Middle,73275,Travel,2,Instagram,25
28719505,27990,Bottom left,84674,Tech,3,Facebook,18
82723932,28498,Middle,80718,Accessories,3,Tiktok,27
74098102,26648,Top right,85021,Beauty,3,Facebook,24
53855319,33055,Top right,74213,Tech,4,Instagram,26
71219077,44398,Middle,83150,Beauty,5,Tiktok,37
88267372,58304,Middle,84796,Tech,7,Tiktok,32
28093891,24112,Bottom right,76614,Clothing,3,Tiktok,18
76242132,48981,Top right,83928,Clothing,6,Tiktok,36
99165364,32626,Bottom left,85196,Accessories,4,Instagram,43
22898691,38021,Middle,82091,Clothing,4,Instagram,33
42813173,22334,Middle,76769,Accessories,2,Tiktok,18
85184273,64778,Top right,80562,Clothing,8,Instagram,23
51217010,45144,Middle,80167,Accessories,5,Facebook,27
54227478,28882,Middle,80467,Accessories,3,Tiktok,27
15660654,26310,Middle,79339,Travel,3,Tiktok,32
35419362,33892,Top left,79494,Accessories,4,Instagram,28
60898328,35863,Top right,74456,Accessories,4,Facebook,29
31275017,27627,Top right,81739,Beauty,3,Tiktok,27
19755818,37191,Top right,77080,Accessories,4,Facebook,23
45625721,32867,Top right,80686,Beauty,4,Instagram,29
59206150,36915,Top right,76300,Accessories,4,Instagram,20
45000222,29439,Top left,82149,Travel,3,Instagram,26
73996705,53063,Top right,80601,Clothing,6,Facebook,33
88810203,38399,Middle,82432,Clothing,4,Facebook,19
13951217,38357,Middle,82781,Tech,4,Instagram,27
67363623,45070,Top left,82461,Travel,5,Tiktok,29
32761432,48786,Top left,84563,Tech,6,Facebook,27
26622616,34295,Top left,85852,Accessories,4,Facebook,28
38779470,26522,Middle,78738,Travel,3,Tiktok,29
91770093,20280,Top right,75916,Travel,2,Facebook,27
66559725,36624,Top left,79233,Tech,4,Facebook,25
16335243,23085,Top right,73225,Travel,2,Instagram,31
12582390,23160,Middle,76892,Accessories,2,Tiktok,31
34479205,37328,Top right,76526,Accessories,4,Instagram,25
53234799,34411,Top left,80551,Beauty,4,Instagram,21
83536160,26623,Middle,76725,Clothing,3,Facebook,29
31691173,32190,Bottom right,81743,Clothing,4,Tiktok,31
49786247,23600,Middle,79051,Beauty,2,Facebook,29
98432061,41022,Middle,84899,Tech,5,Tiktok,34
57658613,25386,Top left,73774,Beauty,3,Tiktok,30
45482821,27915,Top right,72146,Travel,3,Tiktok,29
87320560,20228,Bottom left,78796,Beauty,2,Facebook,27
67373784,23543,Bottom left,75761,Accessories,2,Facebook,31
34497759,21433,Bottom left,78108,Accessories,2,Tiktok,34
22988599,50054,Top left,86160,Tech,6,Facebook,28
43006760,47518,Top right,85422,Accessories,6,Instagram,24
70095107,42708,Top right,77236,Clothing,5,Facebook,18
25687632,35857,Top left,81909,Tech,4,Facebook,24
88778376,34941,Top right,76811,Clothing,4,Tiktok,28
18204086,18058,Bottom right,77928,Accessories,2,Instagram,18
33833137,30221,Top left,72840,Tech,3,Instagram,26
81084321,14423,Bottom left,73854,Travel,1,Instagram,26
79644694,22551,Top right,83042,Beauty,2,Instagram,26
49148969,36549,Bottom right,86017,Clothing,4,Facebook,23
57220331,29885,Top left,83090,Travel,3,Facebook,35
54422483,29272,Top left,85199,Accessories,3,Facebook,30
68760549,34974,Top left,76465,Tech,4,Instagram,29
22260230,29125,Top left,77387,Travel,3,Tiktok,26
37664757,19754,Top right,72823,Beauty,2,Instagram,24
28045131,31591,Top left,72827,Clothing,3,Instagram,26
22639895,80562,Top right,85722,Tech,10,Facebook,32
74911139,26251,Top right,75105,Travel,3,Tiktok,21
26575039,42735,Top right,75262,Tech,5,Tiktok,27
16482978,33511,Top right,75865,Accessories,4,Instagram,25
99825595,34746,Bottom left,76465,Clothing,4,Tiktok,25
28204726,27384,Middle,79111,Beauty,3,Tiktok,28
38751388,43579,Middle,77806,Clothing,5,Tiktok,26
27851883,34201,Bottom left,72738,Accessories,4,Instagram,29
44646702,25740,Bottom left,76199,Accessories,3,Instagram,31
57206248,31062,Middle,78835,Travel,3,Facebook,22
62143681,45151,Top right,84041,Clothing,5,Facebook,29
60767174,43165,Middle,86059,Clothing,5,Tiktok,30
32250142,27346,Bottom left,73858,Accessories,3,Instagram,30
70276532,36883,Middle,76420,Clothing,4,Facebook,30
11471017,28910,Top left,72611,Tech,3,Tiktok,28
93735986,37311,Top right,74511,Clothing,4,Instagram,33
52843610,34334,Bottom left,82361,Accessories,4,Instagram,24
43266154,28672,Top left,83837,Travel,3,Facebook,22
40955273,26917,Top right,73081,Accessories,3,Tiktok,19
93976075,17105,Bottom right,82578,Beauty,2,Instagram,27
16240953,29069,Top right,78056,Clothing,3,Facebook,27
39159770,40174,Top right,77735,Tech,5,Instagram,27
93410729,33947,Bottom left,86206,Tech,4,Instagram,28
54095134,31187,Middle,77278,Clothing,3,Facebook,35
85474670,36592,Top right,73446,Accessories,4,Tiktok,33
99922292,40931,Top right,74696,Accessories,5,Facebook,32
50033791,39191,Bottom left,81025,Tech,5,Instagram,25
57822290,30071,Bottom right,82574,Clothing,3,Tiktok,31
27463104,35005,Middle,80845,Clothing,4,Instagram,28
70969968,53714,Top left,82887,Clothing,6,Instagram,28
81553838,25357,Middle,79230,Travel,3,Facebook,28
75704164,30003,Middle,81130,Accessories,3,Tiktok,25
20696587,25520,Bottom left,72037,Tech,3,Instagram,36
15878627,30945,Top left,72342,Clothing,3,Tiktok,31
84808940,15934,Bottom right,76820,Travel,1,Facebook,21
79358581,27265,Top right,75850,Travel,3,Tiktok,35
94451911,36279,Middle,77941,Clothing,4,Tiktok,22
19560753,17625,Middle,79483,Travel,2,Facebook,18
88185307,23076,Top right,74734,Beauty,2,Instagram,25
16301621,33776,Middle,84661,Clothing,4,Facebook,23
37726387,34788,Top right,78333,Accessories,4,Tiktok,28
57140752,39090,Top right,79073,Tech,4,Facebook,30
88727650,29852,Top left,73258,Accessories,3,Tiktok,29
53092741,36090,Top right,75557,Clothing,4,Facebook,24
72613243,26595,Bottom right,83424,Accessories,3,Facebook,23
25846235,43346,Top right,79014,Clothing,5,Facebook,18
17536063,24280,Bottom right,75705,Tech,3,Facebook,22
16763146,19298,Top left,73238,Travel,2,Tiktok,26
18962224,39637,Top left,83968,Clothing,5,Tiktok,30
53045906,42466,Top right,83721,Accessories,5,Instagram,24
62932220,30324,Bottom left,77885,Accessories,3,Instagram,26
65095887,28500,Top left,74539,Tech,3,Tiktok,24
70987967,26621,Top left,78526,Travel,3,Instagram,26
38495816,33872,Bottom right,76130,Clothing,4,Facebook,26
94009747,41365,Top right,79327,Clothing,5,Tiktok,26
83420083,33640,Middle,78038,Beauty,4,Tiktok,22
16678069,37815,Top left,79924,Clothing,4,Tiktok,34
63014559,22543,Bottom right,81288,Tech,2,Facebook,26
44880847,29172,Bottom right,75638,Accessories,3,Instagram,30
47371143,24278,Bottom left,78265,Travel,3,Facebook,20
20934442,55595,Top right,79794,Tech,7,Instagram,23
25749433,31807,Top left,74248,Accessories,4,Tiktok,29
56383337,22569,Top right,78378,Beauty,2,Facebook,20
44071429,36813,Top right,76681,Tech,4,Tiktok,26
74040772,37494,Top left,82907,Tech,4,Instagram,30
67740299,29711,Top right,77285,Accessories,3,Instagram,28
22875994,47166,Top left,74857,Clothing,6,Instagram,35
36629383,31406,Top right,75147,Tech,3,Facebook,21
65707593,27577,Bottom left,77647,Tech,3,Tiktok,31
12010247,33759,Bottom left,79549,Clothing,4,Instagram,23
25537695,35968,Top right,79408,Beauty,4,Instagram,28
64516701,52221,Top right,78397,Clothing,6,Instagram,24
23722568,55542,Top right,82145,Clothing,7,Tiktok,18
90976059,34051,Top left,77907,Tech,4,Tiktok,29
25904584,34073,Bottom left,73887,Tech,4,Facebook,28
57999884,23683,Bottom left,74097,Accessories,2,Instagram,20
69298801,27628,Top left,81706,Travel,3,Tiktok,32
33779401,39711,Top right,81185,Travel,5,Facebook,18
61753566,38456,Top left,82059,Clothing,4,Facebook,23
98934969,21372,Bottom left,74840,Travel,2,Instagram,36
63974046,32106,Top right,78133,Clothing,4,Tiktok,33
68427669,26923,Middle,74800,Clothing,3,Tiktok,24
28645611,26836,Top right,76440,Travel,3,Facebook,30
70673298,35878,Bottom left,75340,Tech,4,Tiktok,27
64014419,22059,Top left,72436,Beauty,2,Facebook,20
33351511,22333,Bottom left,78939,Accessories,2,Tiktok,26
27040230,32833,Top left,78901,Clothing,4,Facebook,25
26897084,28431,Middle,77579,Travel,3,Facebook,25
59239441,16628,Bottom left,73403,Beauty,2,Facebook,26
78734394,16113,Bottom right,78746,Beauty,1,Instagram,21
55831045,24927,Top right,80251,Travel,3,Instagram,30
56177210,48316,Top right,76042,Tech,6,Instagram,30
39900478,38636,Top left,85858,Beauty,4,Instagram,19
87861308,27638,Bottom right,76922,Clothing,3,Tiktok,25
72509085,20934,Bottom right,73691,Clothing,2,Facebook,27
90040769,26226,Bottom left,75041,Travel,3,Instagram,28
46413040,27902,Top right,85083,Beauty,3,Instagram,28
94621208,30182,Bottom left,79333,Tech,3,Tiktok,19
38640507,35776,Middle,86351,Tech,4,Tiktok,30
23690074,41754,Middle,86097,Accessories,5,Tiktok,18
60883813,43398,Top left,79247,Beauty,5,Instagram,24
32634780,39590,Top right,81155,Clothing,5,Tiktok,32
16514855,28990,Top right,77130,Accessories,3,Instagram,23
48903767,22111,Bottom left,83251,Beauty,2,Facebook,23
34405127,43295,Middle,79256,Tech,5,Instagram,30
91349185,42503,Middle,80129,Tech,5,Tiktok,32
97847060,18188,Bottom right,81470,Beauty,2,Facebook,30
98265776,47693,Top left,80523,Clothing,6,Tiktok,31
45764600,26659,Top right,76680,Accessories,3,Facebook,35
36378408,29973,Middle,75562,Tech,3,Instagram,29
65845430,23371,Top left,74521,Clothing,2,Facebook,31
60854454,49551,Top right,83145,Tech,6,Instagram,35
74461219,21204,Bottom left,74464,Tech,2,Instagram,32
17774805,36112,Top left,78901,Tech,4,Instagram,32
69392861,47678,Top right,76748,Tech,6,Facebook,28
19118748,35019,Top right,76354,Tech,4,Facebook,26
94607137,15880,Bottom left,75424,Beauty,1,Facebook,18
36133077,25649,Bottom right,72275,Clothing,3,Facebook,29
17960788,21771,Top right,78714,Beauty,2,Instagram,32
14873783,23044,Bottom left,75260,Accessories,2,Instagram,21
59251578,33153,Top left,82552,Travel,4,Facebook,27
28463621,46476,Top left,86360,Clothing,5,Tiktok,21
82116659,19730,Middle,81036,Beauty,2,Instagram,28
62225434,40103,Middle,80203,Tech,5,Instagram,21
61658769,35848,Bottom left,83327,Clothing,4,Facebook,18
83065142,23316,Top right,72810,Beauty,2,Facebook,21
90386904,29027,Top left,77970,Accessories,3,Tiktok,19
41071007,25232,Top left,77270,Tech,3,Tiktok,29
90310474,61632,Top right,86359,Accessories,7,Facebook,35
85520835,33346,Top right,82060,Travel,4,Facebook,26
37838290,59437,Top left,82190,Tech,7,Facebook,18
11681921,23159,Top right,77408,Travel,2,Facebook,24
96762255,29605,Middle,83829,Tech,3,Instagram,19
90536219,32379,Middle,77069,Tech,4,Facebook,27
52531529,30340,Bottom left,72629,Tech,3,Facebook,31
34497308,34600,Top left,76769,Clothing,4,Facebook,28
17700145,37758,Top right,77090,Tech,4,Instagram,39
94280073,29732,Bottom right,82618,Clothing,3,Tiktok,19
27207434,68063,Top left,84836,Tech,8,Instagram,24
94394815,45054,Top right,79903,Clothing,5,Instagram,26
99506603,23211,Top left,74441,Travel,2,Instagram,30
18107310,28313,Bottom right,72307,Accessories,3,Instagram,29
18433089,46408,Top right,83042,Tech,5,Tiktok,23
84484505,37187,Bottom right,79847,Tech,4,Instagram,33
69856077,33112,Middle,79542,Tech,4,Facebook,28
80675556,23160,Bottom right,81804,Accessories,2,Instagram,24
42143966,24997,Middle,76657,Accessories,3,Instagram,29
32113699,48056,Middle,84819,Accessories,6,Facebook,26
75079383,41594,Top right,73660,Tech,5,Instagram,25
32825617,41543,Top right,74898,Clothing,5,Instagram,30
87118470,42239,Middle,83665,Tech,5,Tiktok,31
74504671,31883,Top left,83783,Travel,4,Instagram,31
96142034,14593,Bottom right,72581,Beauty,1,Instagram,26
80461341,42868,Top left,80697,Tech,5,Instagram,21
77958922,39150,Top left,81903,Accessories,5,Tiktok,27
90300264,37833,Top left,74589,Clothing,4,Tiktok,33
19530787,22988,Top right,77799,Travel,2,Instagram,27
90050091,31689,Bottom left,81214,Clothing,4,Facebook,28
29326372,40624,Bottom left,73058,Tech,5,Facebook,26
47149528,48674,Top right,80011,Clothing,6,Facebook,29
83457924,31255,Bottom left,78395,Clothing,3,Tiktok,31
69997259,18025,Bottom left,77456,Beauty,2,Instagram,22
43839878,22240,Top left,75928,Beauty,2,Instagram,18
26327595,32448,Bottom left,82884,Accessories,4,Instagram,29
30760180,30279,Bottom left,81305,Tech,3,Instagram,21
64201792,25874,Middle,80397,Beauty,3,Instagram,33
86852995,26864,Bottom left,82945,Beauty,3,Tiktok,21
93351311,52020,Top left,72926,Tech,6,Facebook,28
32075506,27504,Top left,75285,Tech,3,Instagram,18
31846093,33032,Top right,78547,Clothing,4,Tiktok,31
65511446,18071,Bottom right,79557,Travel,2,Instagram,24
99633548,27550,Top left,79932,Travel,3,Instagram,27
84700775,33806,Middle,79378,Tech,4,Facebook,20
99217421,14868,Bottom right,77428,Beauty,1,Instagram,22
77583538,19629,Bottom right,72570,Clothing,2,Instagram,24
41255469,25494,Bottom left,84477,Beauty,3,Instagram,34
10022160,30858,Top right,77015,Clothing,3,Instagram,26
53555217,29124,Middle,80800,Accessories,3,Facebook,29
34143648,32879,Middle,81086,Tech,4,Instagram,22
48675893,36242,Top right,82157,Beauty,4,Instagram,24
81500763,42605,Top left,80438,Accessories,5,Tiktok,26
83694545,38641,Bottom left,82116,Clothing,4,Instagram,30
87101021,48475,Middle,84613,Clothing,6,Instagram,31
18525941,47102,Top right,86161,Accessories,6,Tiktok,22
42291730,58646,Top right,82917,Clothing,7,Tiktok,29
82731592,56654,Top right,82796,Tech,7,Tiktok,26
42069318,66458,Top right,84832,Tech,8,Facebook,28
45812938,28788,Bottom left,80139,Clothing,3,Tiktok,21
78722261,36790,Middle,83992,Tech,4,Instagram,23
25341191,45447,Top right,82366,Clothing,5,Facebook,21
64790420,50710,Top right,81250,Tech,6,Instagram,31
58682870,20788,Bottom left,86029,Travel,2,Tiktok,25
14229832,28288,Top right,72003,Travel,3,Facebook,18
17889386,27890,Top left,79386,Accessories,3,Instagram,33
22617987,34213,Top right,80025,Beauty,4,Instagram,23
41854127,33977,Top right,74919,Travel,4,Facebook,33
64660783,39736,Top left,80687,Clothing,5,Tiktok,21
45453114,25863,Top right,75290,Beauty,3,Instagram,23
77655832,35561,Top left,76197,Accessories,4,Facebook,29
41077467,55869,Top left,86002,Clothing,7,Tiktok,31
49439867,34341,Top right,79234,Travel,4,Facebook,21
38572888,45300,Middle,73745,Tech,5,Facebook,39
78186315,33705,Bottom right,83690,Clothing,4,Instagram,26
65639580,41028,Middle,73217,Tech,5,Facebook,26
36596994,23641,Bottom left,82608,Accessories,2,Facebook,25
22754460,39293,Top right,76348,Accessories,5,Instagram,22
68117360,20506,Middle,84176,Travel,2,Tiktok,28
85167723,18259,Bottom right,73571,Beauty,2,Facebook,19
24158688,24642,Top right,79122,Travel,3,Tiktok,31
83227475,20902,Top right,73048,Beauty,2,Tiktok,26
62190213,34017,Middle,84406,Tech,4,Instagram,32
77540150,31519,Bottom left,85448,Clothing,3,Facebook,30
27343976,31783,Top left,82194,Accessories,4,Instagram,25
77510433,36027,Bottom left,84460,Clothing,4,Facebook,24
41073832,38230,Top right,74279,Clothing,4,Facebook,30
88478321,31871,Top left,78570,Tech,4,Facebook,24
18600937,46127,Middle,80332,Clothing,5,Instagram,22
53051114,32227,Top right,85877,Travel,4,Tiktok,34
76616314,36293,Middle,80506,Tech,4,Instagram,32
47481772,52130,Top right,78421,Clothing,6,Instagram,27
17086980,48241,Bottom right,85228,Tech,6,Instagram,28
27554179,43884,Middle,81850,Clothing,5,Facebook,24
20801571,46124,Top right,85302,Accessories,5,Facebook,28
82228727,12777,Middle,72988,Beauty,1,Instagram,33
41474176,20208,Bottom left,73147,Clothing,2,Instagram,25
96715647,52134,Top right,84114,Tech,6,Facebook,33
53636010,31606,Top right,83917,Accessories,3,Tiktok,32
34905742,38377,Top right,73891,Tech,4,Instagram,32
81210408,40910,Top left,80088,Accessories,5,Tiktok,34
40703671,42519,Top left,76650,Accessories,5,Facebook,29
44957495,26937,Middle,76248,Clothing,3,Facebook,32
94664059,40921,Top left,74247,Clothing,5,Tiktok,39
87680736,45170,Top right,77009,Clothing,5,Facebook,24
19410747,48428,Top left,84080,Accessories,6,Tiktok,25
50064525,27016,Middle,84609,Accessories,3,Facebook,27
95305406,37695,Top right,80520,Clothing,4,Tiktok,32
93466716,41527,Top left,77943,Accessories,5,Tiktok,27
74716288,34435,Top left,74096,Clothing,4,Instagram,18
49001196,33576,Top right,74139,Clothing,4,Instagram,20
65418349,36084,Top right,85871,Accessories,4,Facebook,24
52337777,31761,Top right,84842,Travel,4,Facebook,29
79763860,43996,Top left,85798,Tech,5,Instagram,31
88651215,29427,Bottom left,79768,Clothing,3,Facebook,32
10536873,39175,Top right,86234,Accessories,5,Facebook,19
87678572,58471,Top left,82027,Tech,7,Instagram,30
91126069,24652,Bottom left,82207,Accessories,3,Facebook,29
71990856,34210,Bottom left,84873,Accessories,4,Tiktok,29
75365703,44607,Top right,83002,Clothing,5,Facebook,28
29560803,44326,Top right,82674,Clothing,5,Facebook,18
60761352,16691,Bottom right,72950,Beauty,2,Tiktok,30
72852455,52630,Top right,83670,Clothing,6,Instagram,18
85918978,26123,Top left,75187,Accessories,3,Instagram,28
40447942,33849,Bottom right,81698,Tech,4,Facebook,27
59289267,65452,Middle,85911,Clothing,8,Instagram,18
83273008,51442,Top right,82553,Tech,6,Tiktok,29
22783253,38503,Bottom left,80855,Clothing,4,Instagram,27
63738325,24787,Top left,74194,Beauty,3,Tiktok,34
49534032,24638,Top right,76022,Beauty,3,Tiktok,36
11616525,41526,Middle,84132,Tech,5,Tiktok,25
50616768,49181,Top right,85750,Clothing,6,Facebook,26
44093178,16540,Bottom right,76165,Beauty,1,Instagram,23
83963190,42160,Top right,77248,Clothing,5,Facebook,35
87841229,46895,Bottom right,79837,Clothing,6,Tiktok,31
70106121,33915,Top left,75284,Tech,4,Facebook,26
37608665,30864,Middle,81271,Tech,3,Tiktok,19
58895587,31830,Top left,74224,Clothing,4,Instagram,18
71984055,33078,Bottom left,74772,Tech,4,Instagram,30
52010157,40374,Top right,82988,Clothing,5,Facebook,27
84452294,24914,Middle,74268,Tech,3,Tiktok,24
18888446,28673,Bottom right,79106,Clothing,3,Facebook,26
68759437,41070,Top left,84155,Tech,5,Tiktok,25
97234829,36188,Top left,78483,Accessories,4,Instagram,20
67470935,22448,Top right,72344,Accessories,2,Tiktok,32
47501791,38126,Middle,73979,Tech,4,Tiktok,27
85165355,18808,Bottom right,76444,Accessories,2,Instagram,23
35525101,45786,Top right,78017,Clothing,5,Instagram,23
33653035,23505,Top right,72390,Accessories,2,Tiktok,18
62345556,52971,Top right,86398,Accessories,6,Instagram,34
26682379,27553,Top left,84633,Beauty,3,Tiktok,36
54177363,31966,Top right,75940,Tech,4,Tiktok,22
97768439,27874,Bottom left,76577,Accessories,3,Instagram,26
70427751,44208,Top right,86027,Tech,5,Instagram,32
13714050,37230,Top right,75025,Tech,4,Instagram,19
26180402,36546,Bottom left,82396,Accessories,4,Facebook,31
37824749,36404,Top right,76374,Accessories,4,Instagram,18
94416274,30606,Bottom right,79535,Tech,3,Facebook,35
82360207,49430,Top right,85275,Tech,6,Instagram,29
10328617,20895,Top right,73979,Travel,2,Facebook,33
77034695,39795,Top left,79452,Clothing,5,Instagram,18
64106443,22205,Top left,83942,Travel,2,Facebook,28
91728321,27667,Top left,72483,Clothing,3,Instagram,23
61000467,31369,Top left,83273,Beauty,3,Instagram,31
83238794,39700,Bottom left,83892,Accessories,5,Instagram,26
98954378,20383,Bottom left,80052,Beauty,2,Tiktok,20
20568634,29032,Top right,78606,Accessories,3,Facebook,31
14449162,39178,Top left,83607,Tech,5,Tiktok,29
90450879,35640,Middle,80751,Clothing,4,Tiktok,23
58576287,43146,Top right,79795,Tech,5,Facebook,23
43277853,27151,Middle,78839,Travel,3,Tiktok,32
36156724,40934,Top right,83239,Clothing,5,Instagram,19
22512208,55945,Top left,80118,Clothing,7,Tiktok,26
17569706,17434,Bottom left,72995,Accessories,2,Tiktok,26
50438978,28465,Middle,81009,Accessories,3,Instagram,26
30754599,30575,Middle,72513,Tech,3,Instagram,25
70324066,30050,Top right,76289,Tech,3,Instagram,31
99418851,32848,Top right,73975,Clothing,4,Instagram,30
51399464,26954,Top left,74544,Clothing,3,Tiktok,30
71378950,19377,Bottom right,79186,Travel,2,Facebook,24
65680387,30078,Middle,74621,Tech,3,Facebook,31
91395770,37749,Bottom left,80444,Clothing,4,Instagram,33
22550743,20268,Bottom right,73505,Clothing,2,Instagram,24
51111310,38357,Top right,86196,Beauty,4,Instagram,26
82507116,48616,Top left,80583,Clothing,6,Facebook,34
12701434,23804,Middle,80420,Accessories,2,Instagram,29
65130059,38876,Bottom left,78385,Tech,4,Tiktok,24
43258005,44470,Top left,78294,Clothing,5,Facebook,26
14385893,48842,Top left,81789,Tech,6,Tiktok,32
85768263,38214,Top left,72982,Clothing,4,Facebook,28
76960327,17832,Bottom left,77870,Travel,2,Facebook,19
51520897,40953,Top left,79170,Clothing,5,Facebook,27
15318972,19222,Top right,77351,Beauty,2,Tiktok,25
55027348,38105,Bottom left,84354,Clothing,4,Facebook,21
61380089,51907,Top right,78506,Tech,6,Tiktok,25
55503381,24617,Top left,84636,Beauty,3,Tiktok,33
79608907,80292,Top right,84449,Tech,10,Instagram,21
59245663,29495,Top left,82610,Travel,3,Instagram,18
30236915,28789,Middle,73992,Clothing,3,Tiktok,26
17096020,21959,Bottom left,72501,Tech,2,Tiktok,31
95590951,24268,Bottom right,76348,Tech,3,Facebook,21
13184174,17215,Middle,79205,Beauty,2,Tiktok,27
69249941,25884,Bottom right,82060,Beauty,3,Instagram,30
83084308,30237,Top right,78449,Accessories,3,Tiktok,21
12190010,36406,Top right,84472,Travel,4,Instagram,23
38905785,37786,Middle,77200,Clothing,4,Instagram,30
43784589,26030,Top left,74815,Travel,3,Facebook,37
84296511,23488,Top right,72521,Travel,2,Tiktok,23
64218534,34054,Top left,82328,Clothing,4,Tiktok,25
86276435,26174,Top left,79461,Beauty,3,Tiktok,27
12063282,34591,Middle,81957,Accessories,4,Tiktok,21
24307037,28754,Top left,79140,Clothing,3,Tiktok,30
64449967,27460,Top right,75304,Travel,3,Tiktok,28
83506650,53022,Bottom left,82219,Clothing,6,Instagram,24
91153043,39122,Top right,75481,Clothing,4,Facebook,27
70444429,45497,Top right,79116,Tech,5,Tiktok,25
14911452,57524,Top left,83854,Tech,7,Instagram,21
50384581,37107,Middle,84528,Travel,4,Tiktok,23
61345668,36183,Middle,77925,Clothing,4,Facebook,22
15219081,27267,Middle,76407,Clothing,3,Instagram,34
21072564,27857,Top right,72853,Accessories,3,Instagram,27
61619216,54554,Top left,84868,Clothing,7,Facebook,22
52506684,40674,Bottom left,83017,Clothing,5,Instagram,27
35363760,54791,Top right,77749,Tech,7,Facebook,31
85786012,37674,Top left,78234,Tech,4,Tiktok,22
51033386,36633,Top left,73054,Clothing,4,Instagram,33
10160903,25579,Bottom left,83693,Beauty,3,Facebook,19
29346771,41149,Top left,80463,Tech,5,Instagram,20
58630018,24151,Bottom left,80309,Travel,3,Tiktok,18
99460287,25981,Bottom right,82304,Accessories,3,Instagram,28
63419075,54272,Top right,84283,Beauty,7,Tiktok,21
83223212,30737,Top left,72065,Beauty,3,Instagram,31
70517054,42873,Top right,73481,Tech,5,Instagram,22
97422931,24459,Top right,80169,Travel,3,Facebook,36
57080404,52830,Middle,77558,Clothing,6,Tiktok,28
67388484,22249,Middle,74556,Clothing,2,Instagram,31
78025646,45769,Top left,84571,Tech,5,Instagram,33
59715398,44535,Middle,85765,Accessories,5,Instagram,29
93167794,46017,Top left,74262,Clothing,5,Instagram,19
35997687,38180,Middle,84282,Clothing,4,Facebook,27
15791947,38222,Middle,75404,Clothing,4,Facebook,36
19618034,40563,Top left,85920,Clothing,5,Instagram,28
77839817,36592,Bottom right,85810,Clothing,4,Instagram,29
43882518,27643,Top right,80186,Accessories,3,Facebook,28
20491150,53840,Top right,82165,Clothing,6,Instagram,31
81700062,62831,Top right,82038,Clothing,8,Tiktok,25
62651728,50672,Top right,81538,Tech,6,Tiktok,29
52708587,29746,Bottom left,81316,Accessories,3,Tiktok,28
24787579,26741,Top right,75639,Travel,3,Tiktok,19
45350841,39401,Top right,80164,Clothing,5,Instagram,29
30144520,55910,Middle,82756,Clothing,7,Tiktok,18
22241145,49902,Top left,85721,Tech,6,Facebook,28
67542715,24037,Bottom left,75924,Clothing,2,Tiktok,30
10350097,37897,Top right,82864,Beauty,4,Instagram,28
29041682,24484,Middle,74881,Accessories,3,Instagram,23
59242376,34701,Middle,86255,Accessories,4,Tiktok,31
69234690,44723,Top right,78079,Tech,5,Facebook,28
80702223,47494,Top right,82636,Clothing,6,Instagram,28
68411956,26983,Top left,75176,Tech,3,Instagram,19
40637870,37688,Middle,80172,Accessories,4,Instagram,23
13473259,22926,Middle,82807,Travel,2,Facebook,24
13709260,43973,Middle,82820,Tech,5,Tiktok,32
35675228,26225,Top left,82121,Travel,3,Facebook,32
54684270,26693,Top right,76564,Beauty,3,Tiktok,24
95347576,24067,Middle,78281,Travel,2,Tiktok,30
71694627,30120,Top left,73824,Tech,3,Instagram,18
32298790,21824,Bottom left,79918,Beauty,2,Instagram,33
66179056,24616,Bottom left,78008,Clothing,3,Facebook,29
34801540,29356,Top left,72416,Tech,3,Instagram,32
83442411,44025,Top left,75070,Tech,5,Tiktok,29
19950643,24003,Top left,73786,Beauty,2,Instagram,26
92604441,26309,Bottom right,73216,Tech,3,Instagram,33
94248768,39337,Top left,72528,Clothing,5,Instagram,28
40450561,28404,Top left,79791,Travel,3,Tiktok,25
74302855,35484,Top left,83822,Accessories,4,Instagram,22
15926295,24837,Bottom right,83617,Tech,3,Instagram,29
12457440,18011,Bottom left,72605,Beauty,2,Instagram,35
52754476,29960,Top left,74701,Tech,3,Instagram,24
26324818,38253,Top left,73622,Clothing,4,Instagram,26
99826335,42322,Top left,75699,Accessories,5,Tiktok,18
33682895,39617,Top right,76144,Travel,5,Facebook,24
11346401,23707,Bottom right,74624,Clothing,2,Instagram,32
94791736,37482,Top right,82068,Travel,4,Instagram,25
98500586,21101,Middle,77703,Accessories,2,Instagram,19
83010555,19389,Bottom left,72766,Beauty,2,Facebook,18
47597063,46121,Top right,77959,Clothing,5,Tiktok,32
41070598,41326,Bottom left,83781,Clothing,5,Instagram,20
13842867,45954,Top left,75994,Clothing,5,Instagram,28
86123771,23883,Middle,77501,Accessories,2,Instagram,29
63657513,26427,Top right,72660,Accessories,3,Instagram,25
10457447,19727,Top left,72934,Beauty,2,Instagram,34
38108650,35747,Middle,84855,Tech,4,Instagram,23
80486805,20112,Top left,72582,Travel,2,Instagram,23
17003142,40026,Bottom right,80040,Tech,5,Instagram,32
49441446,26205,Middle,72722,Clothing,3,Instagram,23
98443019,49023,Top left,85812,Clothing,6,Facebook,34
68007142,43349,Top right,74036,Clothing,5,Instagram,18
38423674,28103,Middle,73568,Tech,3,Tiktok,25
27923452,40807,Top right,84756,Travel,5,Instagram,30
38138063,22756,Top left,75972,Accessories,2,Facebook,23
31126953,26058,Bottom left,77593,Accessories,3,Facebook,26
81812039,21809,Bottom right,83680,Travel,2,Instagram,18
93308115,43928,Top right,79373,Clothing,5,Instagram,28
57917046,15882,Middle,78672,Beauty,1,Tiktok,23
65364207,52577,Top left,82558,Tech,6,Facebook,26
22110368,21376,Bottom left,83325,Travel,2,Tiktok,31
38472599,27700,Top left,75240,Accessories,3,Instagram,31
73958542,39505,Bottom left,81783,Tech,5,Tiktok,25
11253253,33857,Top left,85883,Clothing,4,Facebook,26
67370515,48168,Top left,85129,Tech,6,Tiktok,26
54186607,46080,Top right,78495,Tech,5,Tiktok,27
17460075,20914,Bottom right,73619,Tech,2,Instagram,31
30864527,17788,Bottom left,78741,Beauty,2,Facebook,23
33523822,53830,Top right,82542,Accessories,6,Tiktok,31
55563864,31113,Middle,75973,Tech,3,Instagram,27
16454942,22284,Bottom right,73284,Tech,2,Instagram,27
26971278,20870,Bottom right,85499,Accessories,2,Tiktok,20
36461307,37831,Top left,74144,Tech,4,Tiktok,20
49191239,14551,Middle,73192,Beauty,1,Facebook,32
85928282,25115,Top left,79667,Beauty,3,Tiktok,27
56082800,41112,Bottom left,77541,Clothing,5,Instagram,25
61906806,21467,Middle,84627,Beauty,2,Tiktok,28
20625771,20097,Middle,77020,Travel,2,Facebook,24
25671612,45093,Middle,75857,Clothing,5,Facebook,25
38650794,19976,Middle,82766,Beauty,2,Instagram,24
19871036,24209,Middle,72962,Travel,3,Facebook,32
53785067,49009,Top right,84656,Clothing,6,Tiktok,24
95768510,43243,Top right,84556,Accessories,5,Instagram,20
93697370,30071,Middle,84821,Travel,3,Instagram,35
86429093,43668,Top right,83695,Accessories,5,Facebook,22
86036322,23769,Top left,81900,Travel,2,Tiktok,23
95206049,29384,Middle,73348,Clothing,3,Facebook,20
82154369,32557,Top left,78266,Clothing,4,Facebook,29
66526778,26197,Bottom left,74528,Accessories,3,Facebook,24
98555277,41071,Top right,81349,Tech,5,Instagram,27
96923148,20087,Bottom right,76008,Beauty,2,Tiktok,28
62110541,28944,Bottom left,85815,Clothing,3,Facebook,33
77548288,36797,Bottom right,85174,Tech,4,Facebook,30
57357053,32320,Top right,75947,Travel,4,Instagram,28
88950880,37255,Top right,73701,Clothing,4,Instagram,29
33656185,42696,Bottom left,83540,Clothing,5,Instagram,33
59174155,20256,Bottom left,79166,Clothing,2,Instagram,22
60207679,37435,Bottom left,85183,Accessories,4,Instagram,29
25063953,36154,Top left,86022,Accessories,4,Facebook,31
59780461,38355,Bottom left,81022,Clothing,4,Instagram,38
37770936,54065,Top left,85601,Clothing,6,Facebook,24
43924936,32815,Middle,85947,Accessories,4,Facebook,25
85661037,25779,Bottom left,85933,Accessories,3,Tiktok,25
72207730,26305,Middle,72232,Clothing,3,Tiktok,33
78103049,34619,Top left,73573,Tech,4,Facebook,31
87229568,35361,Top right,72171,Clothing,4,Tiktok,21
24685586,35288,Top right,76772,Accessories,4,Facebook,18
38085385,20593,Top right,76766,Travel,2,Instagram,33
17299339,38293,Top left,80093,Travel,4,Tiktok,29
78704065,35004,Bottom left,85853,Tech,4,Tiktok,30
80785494,35788,Top right,81933,Accessories,4,Tiktok,23
41076325,30199,Top left,78231,Accessories,3,Facebook,24
15174460,34240,Bottom left,79221,Tech,4,Tiktok,19
36937145,28081,Middle,73569,Tech,3,Instagram,36
27209101,31178,Top right,83313,Beauty,3,Instagram,28
34793060,52874,Middle,81125,Tech,6,Tiktok,28
10249314,25596,Top left,77317,Travel,3,Instagram,27
72094303,43379,Middle,80838,Accessories,5,Tiktok,28
69689033,41090,Bottom left,85269,Clothing,5,Instagram,29
72021166,30400,Middle,76442,Clothing,3,Facebook,23
27042828,40606,Top right,85732,Clothing,5,Facebook,33
80064784,23700,Top right,75167,Accessories,2,Instagram,18
24637172,29141,Middle,80932,Beauty,3,Facebook,21
39446486,33239,Bottom left,80436,Clothing,4,Tiktok,28
97451800,29745,Top right,79991,Beauty,3,Tiktok,30
43891237,17453,Bottom right,77438,Travel,2,Facebook,29
49641223,25977,Middle,72485,Tech,3,Facebook,21
59872537,39964,Top right,78641,Travel,5,Facebook,37
44156153,54245,Top right,78736,Clothing,7,Facebook,38
80291692,24747,Middle,74040,Accessories,3,Facebook,33
29849199,39343,Top right,81680,Clothing,5,Tiktok,25
55503656,35052,Bottom left,77717,Tech,4,Instagram,20
42152919,20850,Middle,83629,Travel,2,Facebook,21
95882239,23351,Top left,84413,Travel,2,Instagram,26
29229722,18679,Top left,76199,Beauty,2,Instagram,27
66430994,32852,Top right,74985,Accessories,4,Tiktok,21
70691184,49026,Top right,82742,Clothing,6,Instagram,26
22442588,23295,Bottom left,85372,Beauty,2,Facebook,29
82610921,23651,Top left,77714,Beauty,2,Instagram,33
63082521,29852,Middle,74680,Clothing,3,Tiktok,28
27673982,23590,Top right,76018,Travel,2,Facebook,25
32241618,29218,Middle,76713,Clothing,3,Facebook,27
98330157,39041,Top right,74658,Tech,4,Tiktok,22
53162938,34555,Middle,78329,Travel,4,Instagram,29
63615272,27127,Bottom left,74430,Tech,3,Instagram,29
10228321,24596,Top right,82449,Travel,3,Tiktok,23
57869850,35918,Top right,74210,Tech,4,Facebook,26
54371883,25480,Bottom right,82701,Accessories,3,Facebook,26
63191159,39552,Top right,77172,Tech,5,Facebook,19
66305620,19412,Top right,74893,Beauty,2,Instagram,29
61071791,63824,Top right,77302,Tech,8,Instagram,18
95255412,32749,Bottom right,84401,Clothing,4,Instagram,29
15353552,21176,Top right,78042,Travel,2,Instagram,29
24734946,38797,Top right,72584,Tech,4,Tiktok,31
50867856,42188,Top left,80448,Tech,5,Tiktok,30
76267636,36854,Bottom left,84188,Tech,4,Facebook,18
77671154,39528,Bottom right,83177,Tech,5,Facebook,27
47888657,25565,Top right,77099,Travel,3,Instagram,21
93628959,38537,Top right,74372,Tech,4,Tiktok,21
71878507,21844,Middle,85715,Beauty,2,Instagram,39
29984354,34357,Top right,80856,Travel,4,Instagram,28
80748820,21473,Top right,76327,Travel,2,Instagram,26
19118917,28971,Top left,77563,Clothing,3,Instagram,37
93460255,26098,Top right,72669,Accessories,3,Tiktok,26
51362545,26408,Middle,73353,Tech,3,Instagram,26
79267507,34401,Top left,72269,Clothing,4,Facebook,25
52486490,15702,Bottom left,74922,Travel,1,Tiktok,28
54761582,30395,Top right,73345,Clothing,3,Instagram,41
96076658,49434,Top right,75057,Clothing,6,Tiktok,25
87847085,27358,Middle,81498,Beauty,3,Instagram,21
63988677,29660,Top left,80833,Beauty,3,Facebook,30
71645420,28608,Top left,77833,Beauty,3,Tiktok,27
37589445,41787,Top left,85517,Tech,5,Facebook,30
77554864,42727,Bottom left,85163,Clothing,5,Instagram,27
30647814,30582,Top right,79553,Travel,3,Facebook,25
25973686,38393,Bottom left,83147,Clothing,4,Instagram,30
93098307,30042,Top right,73426,Tech,3,Tiktok,19
29864309,38891,Middle,78715,Tech,4,Facebook,20
14398198,22172,Middle,81546,Beauty,2,Tiktok,22
14277012,49459,Top left,84916,Accessories,6,Facebook,35
98935371,27131,Bottom right,72632,Clothing,3,Instagram,23
52879068,22929,Bottom right,74178,Accessories,2,Instagram,25
53092809,29196,Top right,84603,Travel,3,Tiktok,26
38122853,35356,Top left,86284,Accessories,4,Tiktok,31
46982418,27426,Top right,77568,Travel,3,Facebook,28
44872837,26685,Middle,83998,Travel,3,Facebook,20
88812876,45937,Bottom left,85491,Clothing,5,Facebook,27
22886848,24685,Top left,83680,Beauty,3,Facebook,22
74709276,24948,Top left,79282,Travel,3,Instagram,19
85041612,37888,Top right,84779,Beauty,4,Tiktok,30
87095102,36540,Top right,78476,Accessories,4,Instagram,29
12680953,25008,Top left,81240,Travel,3,Instagram,28
66724278,21009,Bottom left,72705,Travel,2,Facebook,30
66199724,41863,Top right,81929,Tech,5,Instagram,19
58550906,47177,Top left,79501,Tech,6,Tiktok,35
72360670,58982,Top right,78758,Tech,7,Facebook,34
96613989,38437,Top right,86337,Beauty,4,Tiktok,27
25307863,50967,Middle,85107,Tech,6,Tiktok,20
46750424,55951,Middle,78716,Clothing,7,Facebook,32
75511004,33655,Top right,84991,Travel,4,Tiktok,22
84739235,28677,Bottom right,81176,Accessories,3,Facebook,27
84231082,57873,Top right,85253,Tech,7,Facebook,21
44742669,26340,Top left,76486,Accessories,3,Facebook,21
81300855,39326,Top left,81862,Tech,5,Facebook,29
86260850,32089,Top right,78665,Travel,4,Facebook,26
33712981,41720,Middle,74108,Tech,5,Facebook,35
71859718,41943,Middle,83398,Tech,5,Tiktok,33
81995505,30269,Bottom right,76168,Clothing,3,Tiktok,29
44021011,21190,Top right,72307,Beauty,2,Tiktok,30
85345416,27304,Middle,79706,Beauty,3,Tiktok,23
13045489,27205,Bottom left,74844,Accessories,3,Instagram,20
83979604,47782,Bottom left,86285,Clothing,6,Tiktok,22
37367687,26661,Bottom left,84856,Travel,3,Instagram,33
99269538,44685,Top right,82051,Beauty,5,Instagram,29
83499801,32901,Top right,80736,Travel,4,Instagram,23
54708018,29585,Bottom left,75598,Clothing,3,Facebook,21
99763486,22200,Bottom left,75222,Clothing,2,Instagram,21
26398904,16950,Bottom right,76710,Accessories,2,Instagram,23
31458126,22858,Bottom right,74546,Clothing,2,Tiktok,32
60968727,43358,Top right,83095,Clothing,5,Tiktok,21
65787895,27758,Top left,73154,Travel,3,Tiktok,27
36642067,31246,Top left,81373,Beauty,3,Instagram,22
77796027,41060,Top right,84858,Beauty,5,Facebook,29
75525014,31554,Bottom left,83485,Tech,3,Facebook,22
59140086,31508,Middle,78988,Tech,3,Tiktok,27
85056592,32491,Bottom right,83049,Beauty,4,Facebook,35
17620789,24479,Middle,85433,Travel,3,Instagram,25
73975246,17803,Middle,74968,Travel,2,Tiktok,31
95890655,32841,Bottom left,78341,Clothing,4,Instagram,20
93115146,38299,Top right,79322,Travel,4,Instagram,38
67521087,28695,Bottom left,81874,Travel,3,Instagram,22
92689474,33778,Top right,85254,Accessories,4,Tiktok,21
80799498,31904,Top right,77472,Accessories,4,Facebook,23
19786559,25475,Top left,74360,Beauty,3,Facebook,24
72497472,23541,Top left,81350,Beauty,2,Tiktok,26
55631250,27596,Middle,80427,Beauty,3,Instagram,29
92828052,51766,Top right,78961,Tech,6,Facebook,27
61444425,43572,Bottom left,79734,Tech,5,Facebook,29
52818036,39143,Top right,79804,Tech,5,Instagram,32
54792156,44529,Top left,83328,Tech,5,Tiktok,32
38372119,17755,Bottom left,76384,Beauty,2,Instagram,35
20920906,25059,Bottom left,81202,Travel,3,Instagram,19
23691512,40885,Top left,79524,Clothing,5,Instagram,23
78976923,32541,Top left,74268,Travel,4,Facebook,23
86038072,34852,Top right,78605,Accessories,4,Instagram,35
47640225,43008,Top right,82959,Tech,5,Facebook,31
74769444,21583,Top left,76897,Beauty,2,Instagram,31
22399858,34484,Bottom left,75712,Tech,4,Tiktok,26
11228177,21057,Top left,74264,Beauty,2,Facebook,28
45064587,30712,Middle,81841,Clothing,3,Facebook,29
35973343,52218,Top left,86259,Clothing,6,Tiktok,34
10579085,22932,Top right,79419,Beauty,2,Tiktok,24
38681130,42324,Top left,77052,Clothing,5,Facebook,24
52428629,28744,Bottom left,80589,Tech,3,Facebook,27
13254054,22947,Top right,74566,Beauty,2,Tiktok,25
39694226,22054,Bottom left,81331,Accessories,2,Instagram,27
18200803,30398,Middle,77748,Accessories,3,Tiktok,28
80249369,28752,Bottom left,75299,Tech,3,Tiktok,30
17521575,60040,Top right,81418,Accessories,7,Facebook,27
70477456,42727,Top left,76904,Tech,5,Tiktok,30
70630424,18983,Bottom right,73090,Accessories,2,Tiktok,33
69242429,37059,Top right,85156,Beauty,4,Instagram,25
13515882,34854,Top left,76989,Clothing,4,Instagram,31
65132073,38300,Top right,80167,Accessories,4,Tiktok,26
93772612,30577,Bottom left,86297,Accessories,3,Instagram,25
19660545,21656,Bottom left,73173,Clothing,2,Tiktok,28
17341354,24037,Top right,80829,Beauty,2,Facebook,30
47879045,36761,Middle,72154,Clothing,4,Instagram,30
38129878,43737,Top right,82596,Tech,5,Tiktok,29
60000172,22465,Top left,75565,Travel,2,Instagram,25
50266141,43485,Middle,84633,Tech,5,Tiktok,25
90895635,33334,Top left,75522,Accessories,4,Tiktok,35
65522549,31729,Top left,75847,Clothing,4,Instagram,21
12563221,34340,Bottom left,73134,Clothing,4,Facebook,32
37391129,30117,Top left,73260,Beauty,3,Tiktok,18
81118382,25472,Top right,76005,Beauty,3,Instagram,27
66469826,36240,Top left,82674,Clothing,4,Facebook,23
81520860,49659,Top right,82611,Tech,6,Facebook,26
78512638,31644,Top right,78409,Clothing,4,Instagram,20
76545367,32725,Bottom left,85142,Clothing,4,Facebook,27
61023363,43612,Top left,80570,Tech,5,Facebook,18
74313452,20237,Middle,78603,Travel,2,Facebook,30
63141079,32119,Bottom left,85723,Tech,4,Instagram,29
15869168,26009,Top left,73500,Beauty,3,Instagram,24
94626807,36871,Top left,73401,Clothing,4,Facebook,31
25074507,28051,Middle,73950,Tech,3,Facebook,29
73605413,40425,Top left,79159,Clothing,5,Facebook,21
49158897,37209,Top right,77767,Tech,4,Instagram,29
83882392,50647,Top left,81321,Tech,6,Facebook,33
13314014,21501,Bottom right,82049,Accessories,2,Tiktok,26
37180516,31201,Top right,83290,Travel,3,Tiktok,29
54944584,28719,Top left,73006,Tech,3,Instagram,23
70753635,35382,Top left,76429,Clothing,4,Facebook,30
10899052,20832,Middle,80991,Travel,2,Tiktok,28
47996358,28399,Middle,76085,Clothing,3,Facebook,30
26615969,35580,Middle,79809,Tech,4,Tiktok,30
34750547,25249,Bottom left,77167,Clothing,3,Instagram,31
45249224,30154,Top left,76959,Tech,3,Instagram,29
57030418,39096,Bottom left,85160,Tech,4,Facebook,25
13528341,20807,Middle,74535,Travel,2,Facebook,28
87985155,17455,Bottom left,74728,Travel,2,Facebook,28
14011456,24074,Bottom right,72234,Clothing,2,Facebook,18
52861824,20997,Top right,73620,Travel,2,Facebook,22
42447477,20641,Bottom right,74274,Clothing,2,Facebook,23
96484264,37207,Top right,83214,Tech,4,Tiktok,30
76986997,21544,Bottom left,75296,Accessories,2,Tiktok,30
63721067,38666,Bottom left,84754,Tech,4,Facebook,28
42064754,29442,Bottom left,81836,Travel,3,Facebook,32
68146091,20943,Bottom left,73435,Clothing,2,Tiktok,33
81484705,19212,Bottom right,82465,Accessories,2,Tiktok,27
37913645,44866,Top left,78585,Tech,5,Tiktok,25
89700655,28262,Bottom right,83452,Travel,3,Tiktok,32
35039913,37468,Top right,80259,Tech,4,Facebook,31
80299901,49236,Top left,77963,Clothing,6,Facebook,28
30605038,25927,Top right,72172,Travel,3,Instagram,26
75992347,23431,Bottom left,72519,Accessories,2,Tiktok,26
44261719,24611,Bottom right,83438,Clothing,3,Tiktok,26
45656950,50418,Top right,72711,Tech,6,Tiktok,33
76156946,19727,Middle,76705,Travel,2,Facebook,32
41366552,22008,Top right,74159,Travel,2,Instagram,23
34051854,39065,Middle,78394,Clothing,4,Facebook,26
50857054,43987,Top left,83212,Tech,5,Tiktok,24
83023490,24902,Middle,72141,Accessories,3,Tiktok,20
35392365,39234,Top right,80800,Accessories,5,Instagram,27
64233190,35719,Top left,73415,Accessories,4,Tiktok,25
98745338,23386,Middle,82750,Beauty,2,Instagram,27
31860819,30813,Top left,83872,Travel,3,Facebook,18
13194550,33818,Middle,75497,Accessories,4,Tiktok,32
99411531,41787,Top left,75506,Clothing,5,Tiktok,35
20969823,25954,Middle,80283,Travel,3,Facebook,28
35790403,40342,Top left,77425,Tech,5,Instagram,31
66292230,17945,Bottom right,84152,Travel,2,Instagram,19
19445891,26939,Middle,74295,Clothing,3,Tiktok,19
35221207,19090,Middle,72826,Travel,2,Facebook,30
92091489,36225,Top right,81598,Accessories,4,Facebook,28
39171532,21596,Middle,74841,Travel,2,Instagram,24
30268610,27728,Top right,73960,Travel,3,Instagram,26
53060091,21094,Bottom right,81984,Travel,2,Instagram,30
31433646,35090,Top left,84431,Accessories,4,Instagram,20
55759985,46931,Bottom right,83135,Tech,6,Tiktok,29
69824044,23535,Bottom left,74143,Beauty,2,Tiktok,19
46247081,18308,Bottom left,80284,Beauty,2,Facebook,29
65326850,22045,Top left,76278,Beauty,2,Facebook,21
66578772,39316,Top left,73305,Tech,5,Facebook,23
38763710,29671,Bottom right,75915,Tech,3,Facebook,30
86503163,32534,Top left,78336,Clothing,4,Tiktok,18
74633526,22900,Top right,74952,Travel,2,Instagram,36
87110381,27684,Top left,83357,Beauty,3,Facebook,22
77425146,24856,Middle,83187,Accessories,3,Facebook,24
79039434,30938,Middle,75527,Clothing,3,Tiktok,30
25180577,26284,Top left,82896,Beauty,3,Tiktok,33
55840751,37764,Top right,76900,Accessories,4,Facebook,18
38552197,24056,Top left,81231,Beauty,2,Facebook,29
58612274,28234,Top left,80011,Travel,3,Instagram,24
54591843,70156,Top right,79938,Clothing,9,Instagram,36
10730452,24918,Bottom left,74794,Tech,3,Tiktok,23
83886001,26512,Bottom left,74336,Accessories,3,Tiktok,34
27299346,51491,Top left,78965,Clothing,6,Facebook,29
63064530,47503,Top right,84820,Tech,6,Facebook,28
47411034,23728,Bottom left,72691,Clothing,2,Facebook,22
88399391,35334,Middle,80123,Clothing,4,Facebook,30
97679597,33534,Middle,72543,Tech,4,Instagram,27
41187082,25266,Bottom left,74139,Tech,3,Facebook,36
22088825,21481,Bottom left,74498,Tech,2,Tiktok,30
76446592,34955,Middle,79222,Clothing,4,Facebook,27
54983158,40228,Middle,85807,Tech,5,Instagram,26
21901692,30251,Middle,80313,Clothing,3,Instagram,33
58908396,34666,Top left,85651,Clothing,4,Tiktok,24
51342980,31536,Top left,74921,Clothing,3,Facebook,31
94107935,21290,Middle,75352,Travel,2,Facebook,31
67882031,37800,Middle,78224,Tech,4,Instagram,27
37205554,25929,Bottom left,77290,Beauty,3,Facebook,31
24194084,31508,Top left,85565,Accessories,3,Instagram,29
74506164,58986,Top right,83437,Clothing,7,Instagram,20
45769900,27186,Bottom left,86136,Accessories,3,Tiktok,25
43876641,17784,Bottom right,78277,Beauty,2,Tiktok,19
49616949,32585,Top left,72403,Tech,4,Facebook,27
24345545,34453,Top left,72781,Tech,4,Instagram,33
63430768,29632,Bottom left,75620,Tech,3,Facebook,33
79275556,24238,Bottom right,77081,Clothing,3,Instagram,28
93259671,37393,Top right,73007,Tech,4,Facebook,32
14002928,39517,Top right,80096,Clothing,5,Tiktok,26
72663211,49769,Top right,82771,Clothing,6,Tiktok,25
96294091,46379,Top left,79990,Tech,5,Facebook,22
22932220,20752,Bottom left,75872,Beauty,2,Facebook,24
85811401,30296,Middle,83023,Travel,3,Facebook,34
77398738,28941,Middle,83484,Travel,3,Instagram,24
70003653,23120,Middle,77206,Beauty,2,Facebook,32
28170103,24604,Bottom left,81930,Travel,3,Tiktok,22
40211065,35496,Top left,82992,Tech,4,Tiktok,27
63180094,37279,Top right,75310,Accessories,4,Facebook,19
34948100,17062,Bottom left,73929,Travel,2,Tiktok,28
62960299,54590,Top left,84122,Clothing,7,Tiktok,24
89789107,36074,Middle,79240,Tech,4,Tiktok,24
41997840,70450,Top right,83262,Clothing,9,Instagram,27
22028249,27296,Middle,77548,Tech,3,Tiktok,35
48840269,31391,Bottom left,85230,Accessories,3,Facebook,27
83102966,25234,Top right,81141,Travel,3,Tiktok,21
63853966,26513,Bottom left,85942,Travel,3,Instagram,27
88052270,32552,Middle,75091,Tech,4,Instagram,21
94092404,41128,Middle,79688,Clothing,5,Facebook,35
79138882,24216,Middle,74401,Tech,3,Instagram,27
95465041,42932,Top left,73920,Clothing,5,Facebook,22
85978196,50484,Top left,81957,Tech,6,Facebook,27
81540657,26370,Bottom left,75178,Tech,3,Tiktok,18
71400809,36595,Top right,83457,Clothing,4,Instagram,30
92721898,29922,Middle,79633,Clothing,3,Tiktok,34
21441172,47453,Top left,84063,Clothing,6,Instagram,22
46818312,22843,Bottom left,76412,Beauty,2,Instagram,26
62854266,42698,Top right,80077,Clothing,5,Facebook,32
35750824,33065,Top right,80394,Tech,4,Tiktok,28
37718424,42926,Top right,75409,Tech,5,Facebook,19
74748725,34311,Bottom right,82474,Clothing,4,Tiktok,28
17909312,37489,Top left,81992,Beauty,4,Facebook,25
86871155,59527,Middle,83857,Tech,7,Facebook,30
69850946,46546,Top right,79946,Accessories,5,Facebook,28
11503161,28519,Middle,78814,Tech,3,Instagram,34
27973269,24565,Middle,76538,Accessories,3,Instagram,23
20517025,45003,Top right,78190,Tech,5,Tiktok,30
86619315,38739,Top right,80515,Clothing,4,Tiktok,30
70664060,31336,Middle,76055,Clothing,3,Facebook,29
66057240,33814,Top right,79310,Travel,4,Facebook,30
51135038,52684,Top right,82513,Tech,6,Tiktok,26
57332766,33993,Top right,78307,Accessories,4,Instagram,22
16227640,29864,Bottom left,75229,Clothing,3,Facebook,31
77564652,22578,Middle,78338,Beauty,2,Facebook,29
76588165,34601,Top right,84287,Beauty,4,Instagram,23
76779690,36140,Top right,80164,Clothing,4,Instagram,29
86157568,38217,Top left,82172,Accessories,4,Facebook,25
87858187,31757,Top left,74850,Beauty,4,Facebook,28
37899527,30562,Bottom left,74070,Tech,3,Instagram,35
78326018,16961,Middle,75033,Beauty,2,Tiktok,25
57950536,50806,Top right,82205,Clothing,6,Instagram,22
40108933,50006,Top right,84622,Tech,6,Instagram,24
93681438,31952,Middle,86200,Clothing,4,Facebook,28
63233972,39684,Top left,84635,Tech,5,Facebook,23
34278931,23910,Bottom right,84435,Tech,2,Facebook,25
81425448,26214,Top right,83035,Accessories,3,Facebook,28
31465364,35149,Bottom left,86235,Accessories,4,Facebook,27
37226047,29889,Top right,72872,Tech,3,Instagram,19
33894747,44136,Top left,82104,Accessories,5,Facebook,21
45815297,30210,Middle,82729,Travel,3,Tiktok,29
25388652,42579,Top right,78917,Accessories,5,Facebook,27
75676239,42323,Middle,85876,Accessories,5,Tiktok,20
98521903,32759,Top right,81832,Travel,4,Tiktok,28
33853900,26760,Bottom left,79022,Clothing,3,Tiktok,18
18068119,31651,Middle,79692,Tech,4,Tiktok,19
31562242,29069,Middle,84660,Accessories,3,Instagram,18
46604104,31211,Top left,79249,Travel,3,Instagram,22
35894609,33769,Top left,80675,Tech,4,Tiktok,29
79865375,24546,Bottom right,84482,Accessories,3,Facebook,29
49478777,48173,Middle,80475,Tech,6,Instagram,33
21079812,21628,Middle,85281,Travel,2,Facebook,24
37081137,18012,Bottom left,75959,Travel,2,Tiktok,27
17056873,26604,Middle,77629,Accessories,3,Instagram,39
65509867,37987,Top right,73794,Accessories,4,Tiktok,27
39810986,19479,Bottom right,76244,Tech,2,Instagram,26
70996594,27533,Top right,80491,Beauty,3,Tiktok,32
32425903,45591,Bottom left,82756,Clothing,5,Facebook,32
14804447,30093,Bottom left,74507,Accessories,3,Tiktok,30
81683244,33848,Top left,73005,Clothing,4,Instagram,32
71043015,51693,Top right,79162,Tech,6,Tiktok,19
95491273,39561,Middle,78575,Clothing,5,Facebook,31
99963442,35778,Top right,78711,Clothing,4,Facebook,22
19338529,41544,Top right,77439,Clothing,5,Facebook,27
14566507,34300,Top left,72719,Tech,4,Facebook,31
26722654,30487,Bottom left,81752,Beauty,3,Facebook,27
82195799,23875,Middle,74092,Accessories,2,Instagram,22
91503362,14588,Bottom right,76721,Beauty,1,Instagram,33
11184669,35883,Top left,84133,Tech,4,Instagram,21
45658428,26897,Bottom left,85416,Accessories,3,Tiktok,25
86011329,34126,Top left,73685,Tech,4,Facebook,34
88959081,37494,Top left,75499,Clothing,4,Instagram,30
44935668,19969,Bottom right,84788,Travel,2,Instagram,29
24771457,55766,Top right,76181,Tech,7,Facebook,36
78535638,25143,Middle,73032,Tech,3,Tiktok,22
36543422,51980,Top right,84720,Tech,6,Facebook,34
94020230,19072,Middle,77660,Travel,2,Facebook,29
45575462,31277,Middle,72924,Clothing,3,Tiktok,30
21768573,30857,Bottom left,74423,Clothing,3,Tiktok,19
77002206,56634,Top right,83112,Accessories,7,Facebook,28
63576407,31724,Top right,79434,Clothing,4,Tiktok,33
11957938,27126,Top right,81950,Travel,3,Instagram,32
14339111,29483,Top right,81066,Travel,3,Instagram,30
13691800,34759,Middle,80954,Travel,4,Instagram,27
11916276,28600,Bottom left,75093,Clothing,3,Instagram,24
76517714,35623,Top right,80007,Clothing,4,Instagram,34
73153503,36107,Top right,76303,Accessories,4,Instagram,25
33278356,17674,Bottom right,73209,Beauty,2,Facebook,27
16351896,20744,Bottom left,79812,Travel,2,Facebook,29
61005772,22540,Bottom right,75080,Clothing,2,Tiktok,31
99965271,37681,Top right,86216,Beauty,4,Facebook,20
46597307,22393,Middle,85403,Travel,2,Facebook,18
75199798,34475,Top left,74185,Clothing,4,Instagram,36
54200249,42319,Middle,76759,Tech,5,Tiktok,26
64547392,36527,Top right,72664,Accessories,4,Tiktok,24
72907560,35858,Top right,78797,Tech,4,Tiktok,20
66376994,36310,Top right,73193,Tech,4,Tiktok,29
71304923,55447,Top left,85868,Accessories,7,Instagram,27
58292345,43611,Top left,80717,Tech,5,Instagram,37
39662679,38106,Middle,76655,Tech,4,Facebook,36
11334319,40847,Middle,77393,Accessories,5,Tiktok,20
68952396,37141,Top right,82802,Beauty,4,Facebook,28
63666993,30853,Bottom left,81524,Clothing,3,Facebook,32
44878166,30127,Bottom left,76591,Accessories,3,Instagram,23
95610919,40891,Bottom left,84781,Clothing,5,Instagram,37
53302585,41576,Bottom left,84082,Tech,5,Facebook,26
27631220,39596,Top right,73120,Tech,5,Facebook,25
91532516,21008,Bottom left,72673,Beauty,2,Tiktok,18
76420391,30741,Top left,83819,Travel,3,Instagram,22
41753511,26209,Top right,77267,Travel,3,Facebook,23
35448393,13109,Bottom right,72194,Beauty,1,Facebook,34
25743228,15074,Middle,73376,Beauty,1,Instagram,25
26408459,27598,Bottom left,84045,Travel,3,Tiktok,32
15895661,43526,Top right,83727,Tech,5,Instagram,29
37799743,34124,Top right,82592,Accessories,4,Instagram,33
16392349,35126,Top left,77289,Clothing,4,Facebook,25
12527833,34953,Top left,75659,Tech,4,Facebook,28
60059399,33341,Top left,84582,Beauty,4,Tiktok,31
45335344,34492,Top right,74394,Clothing,4,Instagram,34
21897154,22896,Top right,78138,Travel,2,Facebook,38
47788493,34984,Top right,84621,Accessories,4,Facebook,18
28819826,28445,Middle,78732,Beauty,3,Facebook,24
57564198,28725,Middle,77140,Clothing,3,Instagram,33
67956124,20388,Top left,79358,Travel,2,Instagram,25
80345844,55261,Top right,83789,Clothing,7,Facebook,28
43140549,34180,Top left,78895,Clothing,4,Instagram,26
66520137,27101,Bottom right,80274,Clothing,3,Instagram,29
88213229,36402,Top left,77650,Clothing,4,Tiktok,18
96013648,33605,Top left,79723,Clothing,4,Tiktok,32
72757484,23758,Bottom right,83615,Beauty,2,Tiktok,27
52726759,17904,Bottom right,79888,Beauty,2,Tiktok,22
28619652,39140,Middle,79146,Clothing,5,Tiktok,21
19586913,34521,Top left,78782,Travel,4,Facebook,31
92220650,63162,Top right,83181,Clothing,8,Instagram,30
19816080,42807,Top left,75285,Tech,5,Tiktok,18
64649583,38670,Top left,78114,Tech,4,Tiktok,31
94178649,27063,Top left,76429,Tech,3,Facebook,24
30030095,19555,Middle,73698,Beauty,2,Instagram,28
37142832,49132,Top right,80931,Clothing,6,Facebook,32
64869305,69437,Top right,81534,Clothing,9,Instagram,28
50275123,29650,Top left,73399,Tech,3,Tiktok,28
16996919,39650,Top right,85324,Tech,5,Facebook,27
84394672,27510,Bottom left,80515,Clothing,3,Instagram,24
14397507,36763,Top right,76043,Clothing,4,Facebook,28
57479939,25815,Middle,72295,Accessories,3,Facebook,27
75911103,35143,Bottom left,79789,Tech,4,Instagram,34
28613992,28495,Top left,76790,Clothing,3,Facebook,25
25498395,39542,Top right,86101,Accessories,5,Facebook,36
83439772,65682,Top right,85917,Tech,8,Facebook,33
80779051,23654,Bottom left,78918,Travel,2,Tiktok,35
70068957,36106,Top left,81865,Tech,4,Instagram,32
71184906,38928,Middle,80350,Tech,4,Instagram,27
83777215,14962,Bottom right,73470,Travel,1,Instagram,24
50649019,33372,Top left,75950,Tech,4,Instagram,26
81458982,36437,Top right,74520,Accessories,4,Instagram,29
34998819,58779,Top left,76644,Clothing,7,Instagram,26
39373868,38248,Middle,75875,Clothing,4,Facebook,23
88479242,37123,Top right,75442,Tech,4,Instagram,18
37121829,20179,Bottom right,82866,Travel,2,Facebook,32
96848610,27364,Middle,84232,Accessories,3,Tiktok,22
48961862,47741,Top left,78582,Clothing,6,Tiktok,25
88936007,41030,Top left,83180,Tech,5,Instagram,25
91088171,22914,Bottom right,73505,Beauty,2,Facebook,20
81093913,40731,Middle,83618,Clothing,5,Tiktok,28
23796154,33781,Bottom left,80921,Clothing,4,Facebook,32
91349403,37570,Top left,82223,Travel,4,Tiktok,31
74646731,46399,Top right,74561,Accessories,5,Facebook,29
45860173,54828,Middle,85059,Tech,7,Tiktok,18
35141288,52555,Top left,77819,Tech,6,Instagram,21
47604098,24573,Bottom left,73974,Travel,3,Instagram,28
59810225,39605,Middle,83014,Accessories,5,Tiktok,30
16108472,64688,Top right,83343,Tech,8,Instagram,23
48905208,33578,Middle,79202,Accessories,4,Tiktok,33
42362849,28082,Middle,75942,Tech,3,Tiktok,24
75112941,31337,Top left,73257,Tech,3,Facebook,29
61605228,29095,Bottom left,76851,Tech,3,Tiktok,31
96786060,51267,Top left,80572,Tech,6,Facebook,23
73213781,38361,Bottom right,82767,Clothing,4,Tiktok,23
15742520,27589,Bottom left,84795,Accessories,3,Facebook,34
53935038,19981,Middle,80207,Travel,2,Tiktok,25
41988586,29115,Top left,73529,Tech,3,Facebook,30
19018228,32705,Bottom left,81835,Accessories,4,Instagram,25
17016908,32003,Top left,72400,Tech,4,Tiktok,31
56625029,32865,Top right,82995,Travel,4,Tiktok,28
48847421,33787,Top right,78803,Travel,4,Facebook,27
38962846,30936,Top right,81896,Travel,3,Instagram,29
41045413,35838,Top left,84051,Accessories,4,Instagram,33
94365245,24297,Bottom left,76281,Clothing,3,Instagram,20
27260669,53326,Top left,79973,Tech,6,Facebook,29
42840670,36535,Top right,75926,Tech,4,Facebook,27
47324747,34640,Top right,82264,Travel,4,Instagram,20
41801989,19033,Bottom left,77995,Beauty,2,Facebook,22
11117451,35474,Middle,76404,Tech,4,Instagram,26
35054480,33189,Bottom right,85093,Accessories,4,Facebook,24
20820203,31932,Top right,73854,Accessories,4,Tiktok,26
75912864,32022,Top right,73995,Clothing,4,Facebook,18
95516075,28332,Bottom left,78947,Accessories,3,Facebook,25
75051911,24358,Bottom left,82924,Accessories,3,Facebook,26
53277507,33231,Top right,73129,Beauty,4,Instagram,29
46531955,34296,Bottom left,84521,Accessories,4,Facebook,32
83533888,27482,Top right,72614,Accessories,3,Instagram,28
82562563,28527,Top right,73380,Clothing,3,Tiktok,25
20367983,33959,Middle,78840,Clothing,4,Instagram,30
26354887,41846,Top right,78524,Clothing,5,Instagram,34
79314613,33789,Bottom left,76129,Tech,4,Tiktok,28
92493114,27162,Bottom left,85502,Accessories,3,Tiktok,33
26431719,27923,Top right,80371,Travel,3,Instagram,24
22426869,17488,Bottom right,72499,Accessories,2,Tiktok,33
35197555,23938,Middle,82678,Travel,2,Instagram,18
43558434,37150,Top right,74685,Clothing,4,Instagram,20
69784858,21778,Bottom right,82788,Travel,2,Facebook,32
82992268,18403,Bottom left,80008,Travel,2,Tiktok,24
44317667,22913,Bottom right,72107,Tech,2,Tiktok,27
67797568,22821,Bottom right,83986,Travel,2,Facebook,28
20826476,29078,Middle,79351,Accessories,3,Instagram,26
97687866,26119,Bottom left,83364,Beauty,3,Facebook,30
58291353,46856,Top right,78414,Tech,6,Tiktok,27
88444929,24273,Bottom left,84227,Accessories,3,Tiktok,27
53981334,36980,Top left,84272,Beauty,4,Tiktok,21
94472558,32024,Top left,79676,Tech,4,Facebook,18
47795814,21284,Bottom right,81971,Travel,2,Tiktok,29
74141048,25856,Top right,77197,Beauty,3,Instagram,21
85144023,19812,Bottom left,83931,Beauty,2,Instagram,26
81050071,28150,Top left,75375,Accessories,3,Instagram,38
68475721,45943,Top right,85558,Tech,5,Facebook,32
97181494,41926,Top right,76750,Accessories,5,Facebook,22
62847581,22798,Middle,82072,Accessories,2,Instagram,18
51100947,38061,Top right,74895,Accessories,4,Instagram,35
34649226,27972,Top left,73213,Accessories,3,Instagram,30
92087369,26036,Top left,75018,Beauty,3,Facebook,28
12456163,29597,Bottom left,86380,Accessories,3,Tiktok,18
42506561,44575,Top left,86052,Clothing,5,Facebook,28
67626459,16640,Middle,72444,Beauty,2,Instagram,32
56682642,30000,Middle,78943,Accessories,3,Instagram,20
37160340,45925,Top right,81484,Accessories,5,Tiktok,27
67296105,32361,Bottom right,73750,Tech,4,Instagram,30
26743390,49139,Top right,77372,Clothing,6,Tiktok,29
55874169,26598,Top left,75954,Travel,3,Tiktok,27
83705154,46900,Top left,79441,Clothing,6,Instagram,33
10161573,36506,Top left,76171,Clothing,4,Instagram,22
88292656,27188,Middle,78264,Beauty,3,Instagram,25
90403363,38472,Top right,76258,Tech,4,Facebook,28
31314807,34666,Top right,72225,Clothing,4,Instagram,27
46572228,40792,Top left,84154,Clothing,5,Facebook,30
87009999,31258,Top right,84364,Beauty,3,Instagram,18
97541277,29742,Top right,85901,Beauty,3,Facebook,19
43789671,29054,Middle,82561,Beauty,3,Tiktok,28
27670804,32992,Middle,83695,Accessories,4,Instagram,23
90193389,36752,Top right,72903,Tech,4,Facebook,38
28623924,33487,Bottom left,85831,Accessories,4,Instagram,30
17657681,32997,Bottom right,76403,Accessories,4,Instagram,27
39842514,22057,Top right,72680,Travel,2,Instagram,27
73143614,38459,Bottom left,80513,Accessories,4,Tiktok,33
67819353,23631,Bottom left,72737,Travel,2,Tiktok,26
83424533,21829,Top left,74751,Accessories,2,Instagram,27
14739658,39000,Top left,85990,Tech,4,Facebook,30
24382787,37367,Middle,80624,Clothing,4,Tiktok,32
86790740,53448,Middle,83288,Tech,6,Tiktok,30
97385180,23879,Top right,72203,Travel,2,Tiktok,18
73183157,25606,Top right,78317,Beauty,3,Tiktok,25
74392503,40690,Middle,78077,Tech,5,Instagram,27
48596562,42952,Middle,83303,Tech,5,Instagram,33
11614771,30226,Top left,75397,Accessories,3,Tiktok,34
72609912,39654,Middle,77698,Clothing,5,Facebook,33
65438577,32474,Top right,72653,Clothing,4,Tiktok,33
33382416,17293,Bottom right,77139,Travel,2,Instagram,29
48689948,19751,Middle,74229,Beauty,2,Facebook,23
24204896,49555,Top right,84881,Tech,6,Facebook,18
88998505,40049,Bottom left,85115,Tech,5,Instagram,23
65797784,32067,Top right,86197,Travel,4,Instagram,33
94564771,15746,Bottom left,76602,Travel,1,Tiktok,28
81331349,24463,Bottom left,77356,Accessories,3,Facebook,33
42838656,38278,Top right,82325,Beauty,4,Instagram,23
64463832,41625,Top right,82092,Accessories,5,Facebook,35
69807425,28597,Top left,79745,Travel,3,Instagram,21
88723322,25587,Bottom right,79793,Travel,3,Instagram,32
63739736,26140,Middle,75186,Clothing,3,Tiktok,26
10165351,30150,Top left,75286,Clothing,3,Tiktok,18
16204265,20260,Bottom right,78499,Accessories,2,Facebook,30
48433886,19523,Bottom left,72531,Travel,2,Facebook,26
22842663,17917,Middle,78763,Beauty,2,Tiktok,33
41259173,32675,Top left,80570,Accessories,4,Facebook,26
88428609,46738,Top left,78547,Tech,6,Facebook,18
43237265,23573,Top left,75807,Accessories,2,Instagram,19
53222953,54724,Top right,82305,Clothing,7,Facebook,32
52644820,23593,Top right,72824,Beauty,2,Tiktok,31
62257127,29160,Top left,83441,Accessories,3,Tiktok,20
12730504,29881,Bottom left,77388,Clothing,3,Facebook,19
70901375,32167,Middle,76725,Accessories,4,Facebook,23
53988860,42386,Top right,84672,Tech,5,Instagram,28
54525758,29839,Middle,81856,Accessories,3,Instagram,29
75717413,17341,Bottom right,78154,Accessories,2,Instagram,24
94071988,32968,Bottom left,81193,Accessories,4,Tiktok,27
29154201,30440,Top right,74151,Clothing,3,Instagram,32
90192860,46635,Top left,84066,Clothing,5,Tiktok,27
26921541,31776,Top right,78841,Clothing,4,Facebook,34
43032884,60008,Top left,84091,Tech,7,Instagram,32
50473002,17946,Bottom right,75452,Travel,2,Tiktok,22
36141101,21743,Top left,76325,Travel,2,Instagram,33
94343314,26074,Bottom right,78915,Tech,3,Instagram,35
73543760,34328,Top right,84535,Travel,4,Facebook,36
92658989,30963,Top right,78270,Travel,3,Tiktok,25
54498628,54261,Top right,83418,Accessories,7,Instagram,33
37473072,35772,Top left,82563,Accessories,4,Tiktok,25
13213017,33096,Middle,77862,Tech,4,Facebook,27
98286494,19127,Bottom left,74285,Travel,2,Instagram,25
48209692,33858,Top left,74913,Tech,4,Facebook,30
55727471,44239,Bottom left,76129,Tech,5,Facebook,27
51868673,30611,Bottom right,86285,Clothing,3,Tiktok,29
97695278,24326,Top right,72855,Accessories,3,Facebook,20
87539320,45339,Top right,77998,Clothing,5,Instagram,29
48062959,42254,Top right,84407,Tech,5,Facebook,32
29106586,20581,Bottom right,76378,Accessories,2,Instagram,29
85068350,23417,Bottom left,75542,Accessories,2,Instagram,23
10089236,56267,Top right,85058,Accessories,7,Instagram,28
71962939,27830,Bottom right,84921,Beauty,3,Instagram,27
89514944,41262,Top right,73196,Tech,5,Tiktok,36
18964856,49567,Top left,73905,Accessories,6,Facebook,34
76886526,47090,Bottom left,86215,Tech,6,Instagram,28
56893340,41908,Top right,79336,Tech,5,Tiktok,35
15640297,24653,Top left,72510,Beauty,3,Tiktok,26
87077940,47092,Top left,77239,Tech,6,Instagram,27
22115061,36994,Top right,81379,Clothing,4,Tiktok,26
24408182,23507,Middle,74144,Tech,2,Tiktok,25
86071851,29911,Top right,72111,Tech,3,Tiktok,27
70146428,15638,Bottom right,77382,Travel,1,Facebook,28
84919811,20053,Bottom left,77032,Beauty,2,Tiktok,21
70284634,55964,Top right,86154,Tech,7,Instagram,19
22102075,31303,Top right,84562,Travel,3,Facebook,31
63675950,35905,Bottom left,82517,Tech,4,Facebook,23
23224644,69032,Top right,84890,Clothing,8,Instagram,27
69144934,40258,Top right,83104,Beauty,5,Instagram,31
95334435,24615,Middle,82888,Beauty,3,Tiktok,29
77054948,43413,Top right,78479,Tech,5,Tiktok,24
92948108,36272,Top left,74202,Tech,4,Tiktok,23
12585711,27661,Middle,79357,Travel,3,Instagram,33
56679023,54258,Top right,84159,Clothing,7,Tiktok,25
87860871,46037,Top right,85414,Clothing,5,Instagram,20
92647667,26607,Bottom left,73679,Accessories,3,Instagram,27
22143308,29507,Top right,75755,Clothing,3,Facebook,29
62873411,44611,Top right,83402,Accessories,5,Facebook,32
31221915,37389,Top left,81707,Accessories,4,Instagram,28
96158738,27300,Top right,77668,Beauty,3,Facebook,25
62994948,19836,Bottom left,82276,Travel,2,Tiktok,26
95391540,26205,Top right,75013,Beauty,3,Instagram,29
57278961,39092,Top right,72963,Travel,4,Instagram,22
77422948,41500,Top right,76894,Clothing,5,Instagram,22
18628089,44179,Top right,85014,Travel,5,Tiktok,28
55812420,39734,Top right,83633,Clothing,5,Facebook,28
58138620,36297,Top right,83584,Tech,4,Instagram,25
43040601,38900,Bottom left,85989,Tech,4,Instagram,22
21422726,28692,Top right,85429,Travel,3,Tiktok,29
85110676,25605,Bottom left,77798,Accessories,3,Instagram,18
21804887,25343,Top left,75316,Accessories,3,Instagram,27
46721656,23819,Bottom right,72018,Tech,2,Instagram,27
76102548,53839,Top left,81103,Clothing,6,Tiktok,18
14982684,27991,Middle,81434,Beauty,3,Instagram,22
61388958,46758,Bottom left,85445,Tech,6,Facebook,27
71941694,47876,Top right,78689,Tech,6,Facebook,27
12547492,33191,Bottom right,73448,Tech,4,Instagram,27
69193870,26961,Top left,83894,Travel,3,Instagram,26
84058029,36112,Top left,77314,Clothing,4,Tiktok,30
60869929,25077,Middle,74571,Clothing,3,Instagram,22
92734365,20848,Bottom left,78504,Accessories,2,Tiktok,36
15234413,29285,Middle,80010,Accessories,3,Instagram,32
34368931,22443,Middle,81070,Beauty,2,Tiktok,28
41874334,33490,Top right,75435,Accessories,4,Instagram,21
64822781,31347,Middle,79668,Clothing,3,Tiktok,25
78663228,34149,Middle,83581,Tech,4,Facebook,23
46220236,26386,Top left,75654,Beauty,3,Tiktok,28
26142156,25993,Top right,74303,Accessories,3,Tiktok,23
93471575,29550,Bottom left,82980,Tech,3,Tiktok,27
44221460,29315,Top left,76044,Accessories,3,Instagram,26
97898952,31995,Top left,81966,Accessories,4,Facebook,24
54187506,25505,Bottom left,79818,Tech,3,Tiktok,28
27444029,22245,Bottom right,72253,Tech,2,Tiktok,24
86339725,27649,Top right,77089,Travel,3,Tiktok,20
89066805,19361,Bottom left,75370,Travel,2,Tiktok,35
13892888,32071,Bottom left,83984,Clothing,4,Instagram,33
25030968,22468,Bottom right,72286,Clothing,2,Tiktok,25
42076884,18510,Bottom right,80101,Travel,2,Instagram,32
84853088,30402,Bottom right,74453,Clothing,3,Facebook,19
39117627,35323,Bottom left,79695,Tech,4,Instagram,31
55490006,31771,Bottom right,83284,Tech,4,Facebook,32
40395275,29631,Top right,75531,Tech,3,Instagram,23
50553855,31570,Middle,82345,Travel,3,Facebook,22
17546905,32949,Bottom left,81743,Accessories,4,Facebook,28
67602769,70598,Top right,82447,Tech,9,Facebook,23
51190222,20790,Top left,77900,Travel,2,Instagram,38
26458195,26650,Top right,72446,Travel,3,Instagram,23
88492823,30224,Middle,72000,Tech,3,Tiktok,32
26152318,50007,Top right,84957,Tech,6,Instagram,31
76711829,21691,Bottom left,79646,Beauty,2,Instagram,27
78502236,41738,Middle,76570,Accessories,5,Instagram,31
52810137,46663,Middle,82303,Clothing,5,Tiktok,28
78112927,26299,Middle,72632,Clothing,3,Tiktok,36
12961688,42571,Top right,81264,Tech,5,Instagram,28
91928514,49159,Top right,77396,Tech,6,Facebook,32
67505661,30574,Top right,84766,Travel,3,Facebook,23
11128250,20067,Bottom left,75689,Tech,2,Facebook,36
95339282,17475,Middle,77215,Beauty,2,Tiktok,37
68134248,23913,Top right,77160,Beauty,2,Facebook,28
53609858,30423,Top left,72061,Clothing,3,Tiktok,25
71016060,27263,Top right,78222,Travel,3,Facebook,30
64117983,28536,Top left,78980,Accessories,3,Facebook,19
73928026,24254,Bottom left,85713,Accessories,3,Instagram,18
93411991,29504,Top right,85345,Beauty,3,Instagram,31
38676895,37221,Middle,81432,Clothing,4,Facebook,19
91594497,34684,Bottom left,77126,Clothing,4,Facebook,31
33816743,39597,Middle,78786,Tech,5,Tiktok,29
96507481,36274,Top right,81447,Beauty,4,Tiktok,36
20430657,33266,Bottom right,76269,Clothing,4,Tiktok,20
55647059,18279,Bottom left,72710,Travel,2,Facebook,30
52402819,52067,Top right,82542,Tech,6,Instagram,24
41052574,24775,Bottom left,84125,Accessories,3,Instagram,30
71599810,23201,Top right,79341,Travel,2,Facebook,31
31285380,13475,Bottom right,72875,Travel,1,Facebook,31
29308798,33594,Bottom left,78854,Clothing,4,Instagram,31
61344932,28017,Middle,73159,Clothing,3,Tiktok,22
75433970,23656,Middle,72653,Travel,2,Tiktok,27
93981147,49519,Top right,81963,Tech,6,Tiktok,20
73179736,34734,Top left,80483,Clothing,4,Instagram,26
18533046,43568,Bottom left,76497,Tech,5,Facebook,26
25609305,20938,Top left,79874,Travel,2,Facebook,31
11680144,70409,Top right,81754,Tech,9,Tiktok,30
29518609,36071,Top left,82473,Tech,4,Tiktok,26
31712429,42135,Top right,79424,Accessories,5,Instagram,27
82597119,45692,Bottom left,82418,Tech,5,Facebook,32
61829194,16773,Bottom left,78056,Travel,2,Tiktok,30
11684903,55524,Top right,78763,Tech,7,Facebook,33
64542626,38488,Top left,80134,Clothing,4,Instagram,27
87354050,32569,Top right,82320,Travel,4,Tiktok,34
80481722,24921,Top left,75057,Accessories,3,Facebook,31
35810528,22272,Middle,74275,Accessories,2,Tiktok,31
18822904,38569,Top right,83497,Travel,4,Instagram,27
83295746,35326,Bottom left,76304,Clothing,4,Instagram,33
27420298,22583,Bottom right,78239,Accessories,2,Facebook,31
99939104,41400,Middle,75183,Clothing,5,Tiktok,31
50131130,33279,Top left,72975,Tech,4,Tiktok,22
73341769,43975,Middle,83453,Clothing,5,Facebook,23
94366261,18427,Top right,76774,Travel,2,Facebook,30
63073713,35203,Bottom left,82717,Tech,4,Instagram,26
38206561,31975,Bottom left,82421,Travel,4,Facebook,26
31645818,32822,Top left,79080,Accessories,4,Facebook,22
93734399,38605,Middle,78862,Tech,4,Tiktok,30
12558443,33481,Top right,82946,Accessories,4,Instagram,32
65903868,24232,Bottom left,77978,Clothing,3,Facebook,23
32723763,22872,Middle,82001,Travel,2,Tiktok,29
76456095,43143,Top left,79775,Clothing,5,Facebook,29
62060737,44230,Top right,84072,Tech,5,Facebook,25
20606068,36394,Top left,85132,Tech,4,Facebook,28
21778454,43119,Top right,82836,Clothing,5,Tiktok,26
23198027,24381,Top right,74941,Travel,3,Tiktok,28
62846045,47089,Top right,84698,Accessories,6,Tiktok,31
12497802,65662,Top right,81957,Tech,8,Instagram,24
62076758,27469,Middle,84031,Accessories,3,Tiktok,32
21181338,21409,Bottom left,78699,Beauty,2,Facebook,24
95414119,42239,Top left,82054,Tech,5,Tiktok,29
26287100,23371,Middle,84965,Beauty,2,Facebook,38
31167789,41744,Top right,80582,Accessories,5,Facebook,36
86997611,27019,Bottom right,81644,Accessories,3,Facebook,30
13366297,22536,Bottom left,74960,Beauty,2,Instagram,29
63525090,31727,Bottom left,75406,Tech,4,Facebook,24
